Created by PLY version 3.11 (http://www.dabeaz.com/ply)

Unused terminals:

    COMMENT
    LCURLY
    NEWLINE
    RCURLY

Grammar

Rule 0     S' -> program
Rule 1     IDENTIFIER_EXPR -> IDENTIFIER
Rule 2     expression -> IDENTIFIER_EXPR
Rule 3     expression -> NUMBER
Rule 4     expression -> BOOLEAN
Rule 5     expression -> CHAR
Rule 6     expression -> STRING
Rule 7     expression -> LPAREN expression RPAREN
Rule 8     expression -> expression PLUS expression
Rule 9     expression -> expression MINUS expression
Rule 10    expression -> expression TIMES expression
Rule 11    expression -> expression DIVIDE expression
Rule 12    expression -> expression AND_BIT expression
Rule 13    expression -> expression OR_BIT expression
Rule 14    expression -> expression MOD expression
Rule 15    expression -> expression XOR_BIT expression
Rule 16    expression -> expression SMALLER expression
Rule 17    expression -> expression GREATER expression
Rule 18    expression -> expression EQUALS expression
Rule 19    expression -> expression SMALLER_EQ expression
Rule 20    expression -> expression GREATER_EQ expression
Rule 21    expression -> expression NOT_EQ expression
Rule 22    expression -> expression AND_BOOL expression
Rule 23    expression -> expression OR_BOOL expression
Rule 24    expression -> expression XOR_BOOL expression
Rule 25    expression -> NOT_BIT expression
Rule 26    expression -> NOT_BOOL expression
Rule 27    expression -> MINUS expression
Rule 28    declaration -> TYPE LBRACKET size RBRACKET HASH IDENTIFIER LASSIGN array
Rule 29    declaration -> TYPE LBRACKET size RBRACKET HASH IDENTIFIER
Rule 30    declaration -> array RASSIGN IDENTIFIER HASH LBRACKET size RBRACKET TYPE
Rule 31    declaration -> IDENTIFIER HASH LBRACKET size RBRACKET TYPE
Rule 32    size -> INDEX
Rule 33    size -> empty
Rule 34    empty -> <empty>
Rule 35    array -> LBRACKET arg_list RBRACKET
Rule 36    expression -> IDENTIFIER LBRACKET INDEX RBRACKET
Rule 37    list_type_l -> LIST WITH TYPE
Rule 38    list_type_r -> TYPE WITH LIST
Rule 39    declaration -> list_type_l HASH IDENTIFIER
Rule 40    declaration -> list_type_l HASH IDENTIFIER LASSIGN list
Rule 41    declaration -> IDENTIFIER HASH list_type_r
Rule 42    declaration -> list RASSIGN IDENTIFIER HASH list_type_r
Rule 43    list -> LPAREN arg_list RPAREN
Rule 44    expression -> IDENTIFIER DOT GET LPAREN INDEX RPAREN
Rule 45    arg_list -> expression COMMA arg_list
Rule 46    arg_list -> expression
Rule 47    expression -> HASH WITH LPAREN param_list RPAREN FUNCARROW TYPE DO block DONE
Rule 48    statement -> assign
Rule 49    statement -> declaration
Rule 50    statement -> condition
Rule 51    statement -> iteration
Rule 52    statement -> func_decl
Rule 53    statement -> return
Rule 54    statement -> ctn
Rule 55    statement -> brk
Rule 56    statement -> onbrk
Rule 57    statement -> expression
Rule 58    block -> statement_list
Rule 59    statement_list -> statement_list statement SEMICOLON
Rule 60    statement_list -> statement SEMICOLON
Rule 61    statement -> PRINT LPAREN expression RPAREN
Rule 62    assign -> IDENTIFIER LASSIGN expression
Rule 63    assign -> expression RASSIGN IDENTIFIER
Rule 64    declaration -> TYPE HASH IDENTIFIER LASSIGN expression
Rule 65    declaration -> expression RASSIGN IDENTIFIER HASH TYPE
Rule 66    declaration -> TYPE HASH IDENTIFIER
Rule 67    declaration -> IDENTIFIER HASH TYPE
Rule 68    condition -> IF expression DO block DONE
Rule 69    condition -> IF expression DO block ELSE DO block DONE
Rule 70    condition -> IF expression DO block elif_list DONE
Rule 71    condition -> IF expression DO block elif_list ELSE DO block DONE
Rule 72    elif -> ELIF expression DO block
Rule 73    elif_list -> elif
Rule 74    elif_list -> elif_list elif
Rule 75    iteration -> UNTIL expression DO block DONE
Rule 76    iteration -> DO block DONE UNTIL expression
Rule 77    func_decl -> FUNC HASH IDENTIFIER LASSIGN WITH LPAREN param_list RPAREN FUNCARROW TYPE DO block DONE
Rule 78    param_list -> param_list COMMA param
Rule 79    param_list -> param
Rule 80    param -> TYPE HASH IDENTIFIER
Rule 81    param_call_list -> param_call_list COMMA expression
Rule 82    param_call_list -> expression
Rule 83    expression -> IDENTIFIER LPAREN RPAREN
Rule 84    expression -> IDENTIFIER LPAREN param_call_list RPAREN
Rule 85    return -> RETURN expression
Rule 86    ctn -> CONTINUE
Rule 87    brk -> BREAK
Rule 88    onbrk -> ONBREAK statement
Rule 89    program -> program statement SEMICOLON
Rule 90    program -> statement SEMICOLON

Terminals, with rules where they appear

AND_BIT              : 12
AND_BOOL             : 22
BOOLEAN              : 4
BREAK                : 87
CHAR                 : 5
COMMA                : 45 78 81
COMMENT              : 
CONTINUE             : 86
DIVIDE               : 11
DO                   : 47 68 69 69 70 71 71 72 75 76 77
DONE                 : 47 68 69 70 71 75 76 77
DOT                  : 44
ELIF                 : 72
ELSE                 : 69 71
EQUALS               : 18
FUNC                 : 77
FUNCARROW            : 47 77
GET                  : 44
GREATER              : 17
GREATER_EQ           : 20
HASH                 : 28 29 30 31 39 40 41 42 47 64 65 66 67 77 80
IDENTIFIER           : 1 28 29 30 31 36 39 40 41 42 44 62 63 64 65 66 67 77 80 83 84
IF                   : 68 69 70 71
INDEX                : 32 36 44
LASSIGN              : 28 40 62 64 77
LBRACKET             : 28 29 30 31 35 36
LCURLY               : 
LIST                 : 37 38
LPAREN               : 7 43 44 47 61 77 83 84
MINUS                : 9 27
MOD                  : 14
NEWLINE              : 
NOT_BIT              : 25
NOT_BOOL             : 26
NOT_EQ               : 21
NUMBER               : 3
ONBREAK              : 88
OR_BIT               : 13
OR_BOOL              : 23
PLUS                 : 8
PRINT                : 61
RASSIGN              : 30 42 63 65
RBRACKET             : 28 29 30 31 35 36
RCURLY               : 
RETURN               : 85
RPAREN               : 7 43 44 47 61 77 83 84
SEMICOLON            : 59 60 89 90
SMALLER              : 16
SMALLER_EQ           : 19
STRING               : 6
TIMES                : 10
TYPE                 : 28 29 30 31 37 38 47 64 65 66 67 77 80
UNTIL                : 75 76
WITH                 : 37 38 47 77
XOR_BIT              : 15
XOR_BOOL             : 24
error                : 

Nonterminals, with rules where they appear

IDENTIFIER_EXPR      : 2
arg_list             : 35 43 45
array                : 28 30
assign               : 48
block                : 47 68 69 69 70 71 71 72 75 76 77
brk                  : 55
condition            : 50
ctn                  : 54
declaration          : 49
elif                 : 73 74
elif_list            : 70 71 74
empty                : 33
expression           : 7 8 8 9 9 10 10 11 11 12 12 13 13 14 14 15 15 16 16 17 17 18 18 19 19 20 20 21 21 22 22 23 23 24 24 25 26 27 45 46 57 61 62 63 64 65 68 69 70 71 72 75 76 81 82 85
func_decl            : 52
iteration            : 51
list                 : 40 42
list_type_l          : 39 40
list_type_r          : 41 42
onbrk                : 56
param                : 78 79
param_call_list      : 81 84
param_list           : 47 77 78
program              : 89 0
return               : 53
size                 : 28 29 30 31
statement            : 59 60 88 89 90
statement_list       : 58 59

Parsing method: LALR

state 0

    (0) S' -> . program
    (89) program -> . program statement SEMICOLON
    (90) program -> . statement SEMICOLON
    (48) statement -> . assign
    (49) statement -> . declaration
    (50) statement -> . condition
    (51) statement -> . iteration
    (52) statement -> . func_decl
    (53) statement -> . return
    (54) statement -> . ctn
    (55) statement -> . brk
    (56) statement -> . onbrk
    (57) statement -> . expression
    (61) statement -> . PRINT LPAREN expression RPAREN
    (62) assign -> . IDENTIFIER LASSIGN expression
    (63) assign -> . expression RASSIGN IDENTIFIER
    (28) declaration -> . TYPE LBRACKET size RBRACKET HASH IDENTIFIER LASSIGN array
    (29) declaration -> . TYPE LBRACKET size RBRACKET HASH IDENTIFIER
    (30) declaration -> . array RASSIGN IDENTIFIER HASH LBRACKET size RBRACKET TYPE
    (31) declaration -> . IDENTIFIER HASH LBRACKET size RBRACKET TYPE
    (39) declaration -> . list_type_l HASH IDENTIFIER
    (40) declaration -> . list_type_l HASH IDENTIFIER LASSIGN list
    (41) declaration -> . IDENTIFIER HASH list_type_r
    (42) declaration -> . list RASSIGN IDENTIFIER HASH list_type_r
    (64) declaration -> . TYPE HASH IDENTIFIER LASSIGN expression
    (65) declaration -> . expression RASSIGN IDENTIFIER HASH TYPE
    (66) declaration -> . TYPE HASH IDENTIFIER
    (67) declaration -> . IDENTIFIER HASH TYPE
    (68) condition -> . IF expression DO block DONE
    (69) condition -> . IF expression DO block ELSE DO block DONE
    (70) condition -> . IF expression DO block elif_list DONE
    (71) condition -> . IF expression DO block elif_list ELSE DO block DONE
    (75) iteration -> . UNTIL expression DO block DONE
    (76) iteration -> . DO block DONE UNTIL expression
    (77) func_decl -> . FUNC HASH IDENTIFIER LASSIGN WITH LPAREN param_list RPAREN FUNCARROW TYPE DO block DONE
    (85) return -> . RETURN expression
    (86) ctn -> . CONTINUE
    (87) brk -> . BREAK
    (88) onbrk -> . ONBREAK statement
    (2) expression -> . IDENTIFIER_EXPR
    (3) expression -> . NUMBER
    (4) expression -> . BOOLEAN
    (5) expression -> . CHAR
    (6) expression -> . STRING
    (7) expression -> . LPAREN expression RPAREN
    (8) expression -> . expression PLUS expression
    (9) expression -> . expression MINUS expression
    (10) expression -> . expression TIMES expression
    (11) expression -> . expression DIVIDE expression
    (12) expression -> . expression AND_BIT expression
    (13) expression -> . expression OR_BIT expression
    (14) expression -> . expression MOD expression
    (15) expression -> . expression XOR_BIT expression
    (16) expression -> . expression SMALLER expression
    (17) expression -> . expression GREATER expression
    (18) expression -> . expression EQUALS expression
    (19) expression -> . expression SMALLER_EQ expression
    (20) expression -> . expression GREATER_EQ expression
    (21) expression -> . expression NOT_EQ expression
    (22) expression -> . expression AND_BOOL expression
    (23) expression -> . expression OR_BOOL expression
    (24) expression -> . expression XOR_BOOL expression
    (25) expression -> . NOT_BIT expression
    (26) expression -> . NOT_BOOL expression
    (27) expression -> . MINUS expression
    (36) expression -> . IDENTIFIER LBRACKET INDEX RBRACKET
    (44) expression -> . IDENTIFIER DOT GET LPAREN INDEX RPAREN
    (47) expression -> . HASH WITH LPAREN param_list RPAREN FUNCARROW TYPE DO block DONE
    (83) expression -> . IDENTIFIER LPAREN RPAREN
    (84) expression -> . IDENTIFIER LPAREN param_call_list RPAREN
    (35) array -> . LBRACKET arg_list RBRACKET
    (37) list_type_l -> . LIST WITH TYPE
    (43) list -> . LPAREN arg_list RPAREN
    (1) IDENTIFIER_EXPR -> . IDENTIFIER

    PRINT           shift and go to state 13
    IDENTIFIER      shift and go to state 15
    TYPE            shift and go to state 16
    IF              shift and go to state 22
    UNTIL           shift and go to state 24
    DO              shift and go to state 23
    FUNC            shift and go to state 25
    RETURN          shift and go to state 26
    CONTINUE        shift and go to state 27
    BREAK           shift and go to state 28
    ONBREAK         shift and go to state 29
    NUMBER          shift and go to state 31
    BOOLEAN         shift and go to state 32
    CHAR            shift and go to state 33
    STRING          shift and go to state 34
    LPAREN          shift and go to state 14
    NOT_BIT         shift and go to state 36
    NOT_BOOL        shift and go to state 37
    MINUS           shift and go to state 35
    HASH            shift and go to state 18
    LBRACKET        shift and go to state 17
    LIST            shift and go to state 38

    program                        shift and go to state 1
    statement                      shift and go to state 2
    assign                         shift and go to state 3
    declaration                    shift and go to state 4
    condition                      shift and go to state 5
    iteration                      shift and go to state 6
    func_decl                      shift and go to state 7
    return                         shift and go to state 8
    ctn                            shift and go to state 9
    brk                            shift and go to state 10
    onbrk                          shift and go to state 11
    expression                     shift and go to state 12
    array                          shift and go to state 19
    list_type_l                    shift and go to state 20
    list                           shift and go to state 21
    IDENTIFIER_EXPR                shift and go to state 30

state 1

    (0) S' -> program .
    (89) program -> program . statement SEMICOLON
    (48) statement -> . assign
    (49) statement -> . declaration
    (50) statement -> . condition
    (51) statement -> . iteration
    (52) statement -> . func_decl
    (53) statement -> . return
    (54) statement -> . ctn
    (55) statement -> . brk
    (56) statement -> . onbrk
    (57) statement -> . expression
    (61) statement -> . PRINT LPAREN expression RPAREN
    (62) assign -> . IDENTIFIER LASSIGN expression
    (63) assign -> . expression RASSIGN IDENTIFIER
    (28) declaration -> . TYPE LBRACKET size RBRACKET HASH IDENTIFIER LASSIGN array
    (29) declaration -> . TYPE LBRACKET size RBRACKET HASH IDENTIFIER
    (30) declaration -> . array RASSIGN IDENTIFIER HASH LBRACKET size RBRACKET TYPE
    (31) declaration -> . IDENTIFIER HASH LBRACKET size RBRACKET TYPE
    (39) declaration -> . list_type_l HASH IDENTIFIER
    (40) declaration -> . list_type_l HASH IDENTIFIER LASSIGN list
    (41) declaration -> . IDENTIFIER HASH list_type_r
    (42) declaration -> . list RASSIGN IDENTIFIER HASH list_type_r
    (64) declaration -> . TYPE HASH IDENTIFIER LASSIGN expression
    (65) declaration -> . expression RASSIGN IDENTIFIER HASH TYPE
    (66) declaration -> . TYPE HASH IDENTIFIER
    (67) declaration -> . IDENTIFIER HASH TYPE
    (68) condition -> . IF expression DO block DONE
    (69) condition -> . IF expression DO block ELSE DO block DONE
    (70) condition -> . IF expression DO block elif_list DONE
    (71) condition -> . IF expression DO block elif_list ELSE DO block DONE
    (75) iteration -> . UNTIL expression DO block DONE
    (76) iteration -> . DO block DONE UNTIL expression
    (77) func_decl -> . FUNC HASH IDENTIFIER LASSIGN WITH LPAREN param_list RPAREN FUNCARROW TYPE DO block DONE
    (85) return -> . RETURN expression
    (86) ctn -> . CONTINUE
    (87) brk -> . BREAK
    (88) onbrk -> . ONBREAK statement
    (2) expression -> . IDENTIFIER_EXPR
    (3) expression -> . NUMBER
    (4) expression -> . BOOLEAN
    (5) expression -> . CHAR
    (6) expression -> . STRING
    (7) expression -> . LPAREN expression RPAREN
    (8) expression -> . expression PLUS expression
    (9) expression -> . expression MINUS expression
    (10) expression -> . expression TIMES expression
    (11) expression -> . expression DIVIDE expression
    (12) expression -> . expression AND_BIT expression
    (13) expression -> . expression OR_BIT expression
    (14) expression -> . expression MOD expression
    (15) expression -> . expression XOR_BIT expression
    (16) expression -> . expression SMALLER expression
    (17) expression -> . expression GREATER expression
    (18) expression -> . expression EQUALS expression
    (19) expression -> . expression SMALLER_EQ expression
    (20) expression -> . expression GREATER_EQ expression
    (21) expression -> . expression NOT_EQ expression
    (22) expression -> . expression AND_BOOL expression
    (23) expression -> . expression OR_BOOL expression
    (24) expression -> . expression XOR_BOOL expression
    (25) expression -> . NOT_BIT expression
    (26) expression -> . NOT_BOOL expression
    (27) expression -> . MINUS expression
    (36) expression -> . IDENTIFIER LBRACKET INDEX RBRACKET
    (44) expression -> . IDENTIFIER DOT GET LPAREN INDEX RPAREN
    (47) expression -> . HASH WITH LPAREN param_list RPAREN FUNCARROW TYPE DO block DONE
    (83) expression -> . IDENTIFIER LPAREN RPAREN
    (84) expression -> . IDENTIFIER LPAREN param_call_list RPAREN
    (35) array -> . LBRACKET arg_list RBRACKET
    (37) list_type_l -> . LIST WITH TYPE
    (43) list -> . LPAREN arg_list RPAREN
    (1) IDENTIFIER_EXPR -> . IDENTIFIER

    PRINT           shift and go to state 13
    IDENTIFIER      shift and go to state 15
    TYPE            shift and go to state 16
    IF              shift and go to state 22
    UNTIL           shift and go to state 24
    DO              shift and go to state 23
    FUNC            shift and go to state 25
    RETURN          shift and go to state 26
    CONTINUE        shift and go to state 27
    BREAK           shift and go to state 28
    ONBREAK         shift and go to state 29
    NUMBER          shift and go to state 31
    BOOLEAN         shift and go to state 32
    CHAR            shift and go to state 33
    STRING          shift and go to state 34
    LPAREN          shift and go to state 14
    NOT_BIT         shift and go to state 36
    NOT_BOOL        shift and go to state 37
    MINUS           shift and go to state 35
    HASH            shift and go to state 18
    LBRACKET        shift and go to state 17
    LIST            shift and go to state 38

    statement                      shift and go to state 39
    assign                         shift and go to state 3
    declaration                    shift and go to state 4
    condition                      shift and go to state 5
    iteration                      shift and go to state 6
    func_decl                      shift and go to state 7
    return                         shift and go to state 8
    ctn                            shift and go to state 9
    brk                            shift and go to state 10
    onbrk                          shift and go to state 11
    expression                     shift and go to state 12
    array                          shift and go to state 19
    list_type_l                    shift and go to state 20
    list                           shift and go to state 21
    IDENTIFIER_EXPR                shift and go to state 30

state 2

    (90) program -> statement . SEMICOLON

    SEMICOLON       shift and go to state 40


state 3

    (48) statement -> assign .

    SEMICOLON       reduce using rule 48 (statement -> assign .)


state 4

    (49) statement -> declaration .

    SEMICOLON       reduce using rule 49 (statement -> declaration .)


state 5

    (50) statement -> condition .

    SEMICOLON       reduce using rule 50 (statement -> condition .)


state 6

    (51) statement -> iteration .

    SEMICOLON       reduce using rule 51 (statement -> iteration .)


state 7

    (52) statement -> func_decl .

    SEMICOLON       reduce using rule 52 (statement -> func_decl .)


state 8

    (53) statement -> return .

    SEMICOLON       reduce using rule 53 (statement -> return .)


state 9

    (54) statement -> ctn .

    SEMICOLON       reduce using rule 54 (statement -> ctn .)


state 10

    (55) statement -> brk .

    SEMICOLON       reduce using rule 55 (statement -> brk .)


state 11

    (56) statement -> onbrk .

    SEMICOLON       reduce using rule 56 (statement -> onbrk .)


state 12

    (57) statement -> expression .
    (63) assign -> expression . RASSIGN IDENTIFIER
    (65) declaration -> expression . RASSIGN IDENTIFIER HASH TYPE
    (8) expression -> expression . PLUS expression
    (9) expression -> expression . MINUS expression
    (10) expression -> expression . TIMES expression
    (11) expression -> expression . DIVIDE expression
    (12) expression -> expression . AND_BIT expression
    (13) expression -> expression . OR_BIT expression
    (14) expression -> expression . MOD expression
    (15) expression -> expression . XOR_BIT expression
    (16) expression -> expression . SMALLER expression
    (17) expression -> expression . GREATER expression
    (18) expression -> expression . EQUALS expression
    (19) expression -> expression . SMALLER_EQ expression
    (20) expression -> expression . GREATER_EQ expression
    (21) expression -> expression . NOT_EQ expression
    (22) expression -> expression . AND_BOOL expression
    (23) expression -> expression . OR_BOOL expression
    (24) expression -> expression . XOR_BOOL expression

    SEMICOLON       reduce using rule 57 (statement -> expression .)
    RASSIGN         shift and go to state 41
    PLUS            shift and go to state 42
    MINUS           shift and go to state 43
    TIMES           shift and go to state 44
    DIVIDE          shift and go to state 45
    AND_BIT         shift and go to state 46
    OR_BIT          shift and go to state 47
    MOD             shift and go to state 48
    XOR_BIT         shift and go to state 49
    SMALLER         shift and go to state 50
    GREATER         shift and go to state 51
    EQUALS          shift and go to state 52
    SMALLER_EQ      shift and go to state 53
    GREATER_EQ      shift and go to state 54
    NOT_EQ          shift and go to state 55
    AND_BOOL        shift and go to state 56
    OR_BOOL         shift and go to state 57
    XOR_BOOL        shift and go to state 58


state 13

    (61) statement -> PRINT . LPAREN expression RPAREN

    LPAREN          shift and go to state 59


state 14

    (7) expression -> LPAREN . expression RPAREN
    (43) list -> LPAREN . arg_list RPAREN
    (2) expression -> . IDENTIFIER_EXPR
    (3) expression -> . NUMBER
    (4) expression -> . BOOLEAN
    (5) expression -> . CHAR
    (6) expression -> . STRING
    (7) expression -> . LPAREN expression RPAREN
    (8) expression -> . expression PLUS expression
    (9) expression -> . expression MINUS expression
    (10) expression -> . expression TIMES expression
    (11) expression -> . expression DIVIDE expression
    (12) expression -> . expression AND_BIT expression
    (13) expression -> . expression OR_BIT expression
    (14) expression -> . expression MOD expression
    (15) expression -> . expression XOR_BIT expression
    (16) expression -> . expression SMALLER expression
    (17) expression -> . expression GREATER expression
    (18) expression -> . expression EQUALS expression
    (19) expression -> . expression SMALLER_EQ expression
    (20) expression -> . expression GREATER_EQ expression
    (21) expression -> . expression NOT_EQ expression
    (22) expression -> . expression AND_BOOL expression
    (23) expression -> . expression OR_BOOL expression
    (24) expression -> . expression XOR_BOOL expression
    (25) expression -> . NOT_BIT expression
    (26) expression -> . NOT_BOOL expression
    (27) expression -> . MINUS expression
    (36) expression -> . IDENTIFIER LBRACKET INDEX RBRACKET
    (44) expression -> . IDENTIFIER DOT GET LPAREN INDEX RPAREN
    (47) expression -> . HASH WITH LPAREN param_list RPAREN FUNCARROW TYPE DO block DONE
    (83) expression -> . IDENTIFIER LPAREN RPAREN
    (84) expression -> . IDENTIFIER LPAREN param_call_list RPAREN
    (45) arg_list -> . expression COMMA arg_list
    (46) arg_list -> . expression
    (1) IDENTIFIER_EXPR -> . IDENTIFIER

    NUMBER          shift and go to state 31
    BOOLEAN         shift and go to state 32
    CHAR            shift and go to state 33
    STRING          shift and go to state 34
    LPAREN          shift and go to state 60
    NOT_BIT         shift and go to state 36
    NOT_BOOL        shift and go to state 37
    MINUS           shift and go to state 35
    IDENTIFIER      shift and go to state 63
    HASH            shift and go to state 18

    expression                     shift and go to state 61
    arg_list                       shift and go to state 62
    IDENTIFIER_EXPR                shift and go to state 30

state 15

    (62) assign -> IDENTIFIER . LASSIGN expression
    (31) declaration -> IDENTIFIER . HASH LBRACKET size RBRACKET TYPE
    (41) declaration -> IDENTIFIER . HASH list_type_r
    (67) declaration -> IDENTIFIER . HASH TYPE
    (36) expression -> IDENTIFIER . LBRACKET INDEX RBRACKET
    (44) expression -> IDENTIFIER . DOT GET LPAREN INDEX RPAREN
    (83) expression -> IDENTIFIER . LPAREN RPAREN
    (84) expression -> IDENTIFIER . LPAREN param_call_list RPAREN
    (1) IDENTIFIER_EXPR -> IDENTIFIER .

    LASSIGN         shift and go to state 64
    HASH            shift and go to state 65
    LBRACKET        shift and go to state 66
    DOT             shift and go to state 67
    LPAREN          shift and go to state 68
    RASSIGN         reduce using rule 1 (IDENTIFIER_EXPR -> IDENTIFIER .)
    PLUS            reduce using rule 1 (IDENTIFIER_EXPR -> IDENTIFIER .)
    MINUS           reduce using rule 1 (IDENTIFIER_EXPR -> IDENTIFIER .)
    TIMES           reduce using rule 1 (IDENTIFIER_EXPR -> IDENTIFIER .)
    DIVIDE          reduce using rule 1 (IDENTIFIER_EXPR -> IDENTIFIER .)
    AND_BIT         reduce using rule 1 (IDENTIFIER_EXPR -> IDENTIFIER .)
    OR_BIT          reduce using rule 1 (IDENTIFIER_EXPR -> IDENTIFIER .)
    MOD             reduce using rule 1 (IDENTIFIER_EXPR -> IDENTIFIER .)
    XOR_BIT         reduce using rule 1 (IDENTIFIER_EXPR -> IDENTIFIER .)
    SMALLER         reduce using rule 1 (IDENTIFIER_EXPR -> IDENTIFIER .)
    GREATER         reduce using rule 1 (IDENTIFIER_EXPR -> IDENTIFIER .)
    EQUALS          reduce using rule 1 (IDENTIFIER_EXPR -> IDENTIFIER .)
    SMALLER_EQ      reduce using rule 1 (IDENTIFIER_EXPR -> IDENTIFIER .)
    GREATER_EQ      reduce using rule 1 (IDENTIFIER_EXPR -> IDENTIFIER .)
    NOT_EQ          reduce using rule 1 (IDENTIFIER_EXPR -> IDENTIFIER .)
    AND_BOOL        reduce using rule 1 (IDENTIFIER_EXPR -> IDENTIFIER .)
    OR_BOOL         reduce using rule 1 (IDENTIFIER_EXPR -> IDENTIFIER .)
    XOR_BOOL        reduce using rule 1 (IDENTIFIER_EXPR -> IDENTIFIER .)
    SEMICOLON       reduce using rule 1 (IDENTIFIER_EXPR -> IDENTIFIER .)


state 16

    (28) declaration -> TYPE . LBRACKET size RBRACKET HASH IDENTIFIER LASSIGN array
    (29) declaration -> TYPE . LBRACKET size RBRACKET HASH IDENTIFIER
    (64) declaration -> TYPE . HASH IDENTIFIER LASSIGN expression
    (66) declaration -> TYPE . HASH IDENTIFIER

    LBRACKET        shift and go to state 69
    HASH            shift and go to state 70


state 17

    (35) array -> LBRACKET . arg_list RBRACKET
    (45) arg_list -> . expression COMMA arg_list
    (46) arg_list -> . expression
    (2) expression -> . IDENTIFIER_EXPR
    (3) expression -> . NUMBER
    (4) expression -> . BOOLEAN
    (5) expression -> . CHAR
    (6) expression -> . STRING
    (7) expression -> . LPAREN expression RPAREN
    (8) expression -> . expression PLUS expression
    (9) expression -> . expression MINUS expression
    (10) expression -> . expression TIMES expression
    (11) expression -> . expression DIVIDE expression
    (12) expression -> . expression AND_BIT expression
    (13) expression -> . expression OR_BIT expression
    (14) expression -> . expression MOD expression
    (15) expression -> . expression XOR_BIT expression
    (16) expression -> . expression SMALLER expression
    (17) expression -> . expression GREATER expression
    (18) expression -> . expression EQUALS expression
    (19) expression -> . expression SMALLER_EQ expression
    (20) expression -> . expression GREATER_EQ expression
    (21) expression -> . expression NOT_EQ expression
    (22) expression -> . expression AND_BOOL expression
    (23) expression -> . expression OR_BOOL expression
    (24) expression -> . expression XOR_BOOL expression
    (25) expression -> . NOT_BIT expression
    (26) expression -> . NOT_BOOL expression
    (27) expression -> . MINUS expression
    (36) expression -> . IDENTIFIER LBRACKET INDEX RBRACKET
    (44) expression -> . IDENTIFIER DOT GET LPAREN INDEX RPAREN
    (47) expression -> . HASH WITH LPAREN param_list RPAREN FUNCARROW TYPE DO block DONE
    (83) expression -> . IDENTIFIER LPAREN RPAREN
    (84) expression -> . IDENTIFIER LPAREN param_call_list RPAREN
    (1) IDENTIFIER_EXPR -> . IDENTIFIER

    NUMBER          shift and go to state 31
    BOOLEAN         shift and go to state 32
    CHAR            shift and go to state 33
    STRING          shift and go to state 34
    LPAREN          shift and go to state 60
    NOT_BIT         shift and go to state 36
    NOT_BOOL        shift and go to state 37
    MINUS           shift and go to state 35
    IDENTIFIER      shift and go to state 63
    HASH            shift and go to state 18

    arg_list                       shift and go to state 71
    expression                     shift and go to state 72
    IDENTIFIER_EXPR                shift and go to state 30

state 18

    (47) expression -> HASH . WITH LPAREN param_list RPAREN FUNCARROW TYPE DO block DONE

    WITH            shift and go to state 73


state 19

    (30) declaration -> array . RASSIGN IDENTIFIER HASH LBRACKET size RBRACKET TYPE

    RASSIGN         shift and go to state 74


state 20

    (39) declaration -> list_type_l . HASH IDENTIFIER
    (40) declaration -> list_type_l . HASH IDENTIFIER LASSIGN list

    HASH            shift and go to state 75


state 21

    (42) declaration -> list . RASSIGN IDENTIFIER HASH list_type_r

    RASSIGN         shift and go to state 76


state 22

    (68) condition -> IF . expression DO block DONE
    (69) condition -> IF . expression DO block ELSE DO block DONE
    (70) condition -> IF . expression DO block elif_list DONE
    (71) condition -> IF . expression DO block elif_list ELSE DO block DONE
    (2) expression -> . IDENTIFIER_EXPR
    (3) expression -> . NUMBER
    (4) expression -> . BOOLEAN
    (5) expression -> . CHAR
    (6) expression -> . STRING
    (7) expression -> . LPAREN expression RPAREN
    (8) expression -> . expression PLUS expression
    (9) expression -> . expression MINUS expression
    (10) expression -> . expression TIMES expression
    (11) expression -> . expression DIVIDE expression
    (12) expression -> . expression AND_BIT expression
    (13) expression -> . expression OR_BIT expression
    (14) expression -> . expression MOD expression
    (15) expression -> . expression XOR_BIT expression
    (16) expression -> . expression SMALLER expression
    (17) expression -> . expression GREATER expression
    (18) expression -> . expression EQUALS expression
    (19) expression -> . expression SMALLER_EQ expression
    (20) expression -> . expression GREATER_EQ expression
    (21) expression -> . expression NOT_EQ expression
    (22) expression -> . expression AND_BOOL expression
    (23) expression -> . expression OR_BOOL expression
    (24) expression -> . expression XOR_BOOL expression
    (25) expression -> . NOT_BIT expression
    (26) expression -> . NOT_BOOL expression
    (27) expression -> . MINUS expression
    (36) expression -> . IDENTIFIER LBRACKET INDEX RBRACKET
    (44) expression -> . IDENTIFIER DOT GET LPAREN INDEX RPAREN
    (47) expression -> . HASH WITH LPAREN param_list RPAREN FUNCARROW TYPE DO block DONE
    (83) expression -> . IDENTIFIER LPAREN RPAREN
    (84) expression -> . IDENTIFIER LPAREN param_call_list RPAREN
    (1) IDENTIFIER_EXPR -> . IDENTIFIER

    NUMBER          shift and go to state 31
    BOOLEAN         shift and go to state 32
    CHAR            shift and go to state 33
    STRING          shift and go to state 34
    LPAREN          shift and go to state 60
    NOT_BIT         shift and go to state 36
    NOT_BOOL        shift and go to state 37
    MINUS           shift and go to state 35
    IDENTIFIER      shift and go to state 63
    HASH            shift and go to state 18

    expression                     shift and go to state 77
    IDENTIFIER_EXPR                shift and go to state 30

state 23

    (76) iteration -> DO . block DONE UNTIL expression
    (58) block -> . statement_list
    (59) statement_list -> . statement_list statement SEMICOLON
    (60) statement_list -> . statement SEMICOLON
    (48) statement -> . assign
    (49) statement -> . declaration
    (50) statement -> . condition
    (51) statement -> . iteration
    (52) statement -> . func_decl
    (53) statement -> . return
    (54) statement -> . ctn
    (55) statement -> . brk
    (56) statement -> . onbrk
    (57) statement -> . expression
    (61) statement -> . PRINT LPAREN expression RPAREN
    (62) assign -> . IDENTIFIER LASSIGN expression
    (63) assign -> . expression RASSIGN IDENTIFIER
    (28) declaration -> . TYPE LBRACKET size RBRACKET HASH IDENTIFIER LASSIGN array
    (29) declaration -> . TYPE LBRACKET size RBRACKET HASH IDENTIFIER
    (30) declaration -> . array RASSIGN IDENTIFIER HASH LBRACKET size RBRACKET TYPE
    (31) declaration -> . IDENTIFIER HASH LBRACKET size RBRACKET TYPE
    (39) declaration -> . list_type_l HASH IDENTIFIER
    (40) declaration -> . list_type_l HASH IDENTIFIER LASSIGN list
    (41) declaration -> . IDENTIFIER HASH list_type_r
    (42) declaration -> . list RASSIGN IDENTIFIER HASH list_type_r
    (64) declaration -> . TYPE HASH IDENTIFIER LASSIGN expression
    (65) declaration -> . expression RASSIGN IDENTIFIER HASH TYPE
    (66) declaration -> . TYPE HASH IDENTIFIER
    (67) declaration -> . IDENTIFIER HASH TYPE
    (68) condition -> . IF expression DO block DONE
    (69) condition -> . IF expression DO block ELSE DO block DONE
    (70) condition -> . IF expression DO block elif_list DONE
    (71) condition -> . IF expression DO block elif_list ELSE DO block DONE
    (75) iteration -> . UNTIL expression DO block DONE
    (76) iteration -> . DO block DONE UNTIL expression
    (77) func_decl -> . FUNC HASH IDENTIFIER LASSIGN WITH LPAREN param_list RPAREN FUNCARROW TYPE DO block DONE
    (85) return -> . RETURN expression
    (86) ctn -> . CONTINUE
    (87) brk -> . BREAK
    (88) onbrk -> . ONBREAK statement
    (2) expression -> . IDENTIFIER_EXPR
    (3) expression -> . NUMBER
    (4) expression -> . BOOLEAN
    (5) expression -> . CHAR
    (6) expression -> . STRING
    (7) expression -> . LPAREN expression RPAREN
    (8) expression -> . expression PLUS expression
    (9) expression -> . expression MINUS expression
    (10) expression -> . expression TIMES expression
    (11) expression -> . expression DIVIDE expression
    (12) expression -> . expression AND_BIT expression
    (13) expression -> . expression OR_BIT expression
    (14) expression -> . expression MOD expression
    (15) expression -> . expression XOR_BIT expression
    (16) expression -> . expression SMALLER expression
    (17) expression -> . expression GREATER expression
    (18) expression -> . expression EQUALS expression
    (19) expression -> . expression SMALLER_EQ expression
    (20) expression -> . expression GREATER_EQ expression
    (21) expression -> . expression NOT_EQ expression
    (22) expression -> . expression AND_BOOL expression
    (23) expression -> . expression OR_BOOL expression
    (24) expression -> . expression XOR_BOOL expression
    (25) expression -> . NOT_BIT expression
    (26) expression -> . NOT_BOOL expression
    (27) expression -> . MINUS expression
    (36) expression -> . IDENTIFIER LBRACKET INDEX RBRACKET
    (44) expression -> . IDENTIFIER DOT GET LPAREN INDEX RPAREN
    (47) expression -> . HASH WITH LPAREN param_list RPAREN FUNCARROW TYPE DO block DONE
    (83) expression -> . IDENTIFIER LPAREN RPAREN
    (84) expression -> . IDENTIFIER LPAREN param_call_list RPAREN
    (35) array -> . LBRACKET arg_list RBRACKET
    (37) list_type_l -> . LIST WITH TYPE
    (43) list -> . LPAREN arg_list RPAREN
    (1) IDENTIFIER_EXPR -> . IDENTIFIER

    PRINT           shift and go to state 13
    IDENTIFIER      shift and go to state 15
    TYPE            shift and go to state 16
    IF              shift and go to state 22
    UNTIL           shift and go to state 24
    DO              shift and go to state 23
    FUNC            shift and go to state 25
    RETURN          shift and go to state 26
    CONTINUE        shift and go to state 27
    BREAK           shift and go to state 28
    ONBREAK         shift and go to state 29
    NUMBER          shift and go to state 31
    BOOLEAN         shift and go to state 32
    CHAR            shift and go to state 33
    STRING          shift and go to state 34
    LPAREN          shift and go to state 14
    NOT_BIT         shift and go to state 36
    NOT_BOOL        shift and go to state 37
    MINUS           shift and go to state 35
    HASH            shift and go to state 18
    LBRACKET        shift and go to state 17
    LIST            shift and go to state 38

    block                          shift and go to state 78
    expression                     shift and go to state 12
    statement_list                 shift and go to state 79
    statement                      shift and go to state 80
    assign                         shift and go to state 3
    declaration                    shift and go to state 4
    condition                      shift and go to state 5
    iteration                      shift and go to state 6
    func_decl                      shift and go to state 7
    return                         shift and go to state 8
    ctn                            shift and go to state 9
    brk                            shift and go to state 10
    onbrk                          shift and go to state 11
    array                          shift and go to state 19
    list_type_l                    shift and go to state 20
    list                           shift and go to state 21
    IDENTIFIER_EXPR                shift and go to state 30

state 24

    (75) iteration -> UNTIL . expression DO block DONE
    (2) expression -> . IDENTIFIER_EXPR
    (3) expression -> . NUMBER
    (4) expression -> . BOOLEAN
    (5) expression -> . CHAR
    (6) expression -> . STRING
    (7) expression -> . LPAREN expression RPAREN
    (8) expression -> . expression PLUS expression
    (9) expression -> . expression MINUS expression
    (10) expression -> . expression TIMES expression
    (11) expression -> . expression DIVIDE expression
    (12) expression -> . expression AND_BIT expression
    (13) expression -> . expression OR_BIT expression
    (14) expression -> . expression MOD expression
    (15) expression -> . expression XOR_BIT expression
    (16) expression -> . expression SMALLER expression
    (17) expression -> . expression GREATER expression
    (18) expression -> . expression EQUALS expression
    (19) expression -> . expression SMALLER_EQ expression
    (20) expression -> . expression GREATER_EQ expression
    (21) expression -> . expression NOT_EQ expression
    (22) expression -> . expression AND_BOOL expression
    (23) expression -> . expression OR_BOOL expression
    (24) expression -> . expression XOR_BOOL expression
    (25) expression -> . NOT_BIT expression
    (26) expression -> . NOT_BOOL expression
    (27) expression -> . MINUS expression
    (36) expression -> . IDENTIFIER LBRACKET INDEX RBRACKET
    (44) expression -> . IDENTIFIER DOT GET LPAREN INDEX RPAREN
    (47) expression -> . HASH WITH LPAREN param_list RPAREN FUNCARROW TYPE DO block DONE
    (83) expression -> . IDENTIFIER LPAREN RPAREN
    (84) expression -> . IDENTIFIER LPAREN param_call_list RPAREN
    (1) IDENTIFIER_EXPR -> . IDENTIFIER

    NUMBER          shift and go to state 31
    BOOLEAN         shift and go to state 32
    CHAR            shift and go to state 33
    STRING          shift and go to state 34
    LPAREN          shift and go to state 60
    NOT_BIT         shift and go to state 36
    NOT_BOOL        shift and go to state 37
    MINUS           shift and go to state 35
    IDENTIFIER      shift and go to state 63
    HASH            shift and go to state 18

    expression                     shift and go to state 81
    IDENTIFIER_EXPR                shift and go to state 30

state 25

    (77) func_decl -> FUNC . HASH IDENTIFIER LASSIGN WITH LPAREN param_list RPAREN FUNCARROW TYPE DO block DONE

    HASH            shift and go to state 82


state 26

    (85) return -> RETURN . expression
    (2) expression -> . IDENTIFIER_EXPR
    (3) expression -> . NUMBER
    (4) expression -> . BOOLEAN
    (5) expression -> . CHAR
    (6) expression -> . STRING
    (7) expression -> . LPAREN expression RPAREN
    (8) expression -> . expression PLUS expression
    (9) expression -> . expression MINUS expression
    (10) expression -> . expression TIMES expression
    (11) expression -> . expression DIVIDE expression
    (12) expression -> . expression AND_BIT expression
    (13) expression -> . expression OR_BIT expression
    (14) expression -> . expression MOD expression
    (15) expression -> . expression XOR_BIT expression
    (16) expression -> . expression SMALLER expression
    (17) expression -> . expression GREATER expression
    (18) expression -> . expression EQUALS expression
    (19) expression -> . expression SMALLER_EQ expression
    (20) expression -> . expression GREATER_EQ expression
    (21) expression -> . expression NOT_EQ expression
    (22) expression -> . expression AND_BOOL expression
    (23) expression -> . expression OR_BOOL expression
    (24) expression -> . expression XOR_BOOL expression
    (25) expression -> . NOT_BIT expression
    (26) expression -> . NOT_BOOL expression
    (27) expression -> . MINUS expression
    (36) expression -> . IDENTIFIER LBRACKET INDEX RBRACKET
    (44) expression -> . IDENTIFIER DOT GET LPAREN INDEX RPAREN
    (47) expression -> . HASH WITH LPAREN param_list RPAREN FUNCARROW TYPE DO block DONE
    (83) expression -> . IDENTIFIER LPAREN RPAREN
    (84) expression -> . IDENTIFIER LPAREN param_call_list RPAREN
    (1) IDENTIFIER_EXPR -> . IDENTIFIER

    NUMBER          shift and go to state 31
    BOOLEAN         shift and go to state 32
    CHAR            shift and go to state 33
    STRING          shift and go to state 34
    LPAREN          shift and go to state 60
    NOT_BIT         shift and go to state 36
    NOT_BOOL        shift and go to state 37
    MINUS           shift and go to state 35
    IDENTIFIER      shift and go to state 63
    HASH            shift and go to state 18

    expression                     shift and go to state 83
    IDENTIFIER_EXPR                shift and go to state 30

state 27

    (86) ctn -> CONTINUE .

    SEMICOLON       reduce using rule 86 (ctn -> CONTINUE .)


state 28

    (87) brk -> BREAK .

    SEMICOLON       reduce using rule 87 (brk -> BREAK .)


state 29

    (88) onbrk -> ONBREAK . statement
    (48) statement -> . assign
    (49) statement -> . declaration
    (50) statement -> . condition
    (51) statement -> . iteration
    (52) statement -> . func_decl
    (53) statement -> . return
    (54) statement -> . ctn
    (55) statement -> . brk
    (56) statement -> . onbrk
    (57) statement -> . expression
    (61) statement -> . PRINT LPAREN expression RPAREN
    (62) assign -> . IDENTIFIER LASSIGN expression
    (63) assign -> . expression RASSIGN IDENTIFIER
    (28) declaration -> . TYPE LBRACKET size RBRACKET HASH IDENTIFIER LASSIGN array
    (29) declaration -> . TYPE LBRACKET size RBRACKET HASH IDENTIFIER
    (30) declaration -> . array RASSIGN IDENTIFIER HASH LBRACKET size RBRACKET TYPE
    (31) declaration -> . IDENTIFIER HASH LBRACKET size RBRACKET TYPE
    (39) declaration -> . list_type_l HASH IDENTIFIER
    (40) declaration -> . list_type_l HASH IDENTIFIER LASSIGN list
    (41) declaration -> . IDENTIFIER HASH list_type_r
    (42) declaration -> . list RASSIGN IDENTIFIER HASH list_type_r
    (64) declaration -> . TYPE HASH IDENTIFIER LASSIGN expression
    (65) declaration -> . expression RASSIGN IDENTIFIER HASH TYPE
    (66) declaration -> . TYPE HASH IDENTIFIER
    (67) declaration -> . IDENTIFIER HASH TYPE
    (68) condition -> . IF expression DO block DONE
    (69) condition -> . IF expression DO block ELSE DO block DONE
    (70) condition -> . IF expression DO block elif_list DONE
    (71) condition -> . IF expression DO block elif_list ELSE DO block DONE
    (75) iteration -> . UNTIL expression DO block DONE
    (76) iteration -> . DO block DONE UNTIL expression
    (77) func_decl -> . FUNC HASH IDENTIFIER LASSIGN WITH LPAREN param_list RPAREN FUNCARROW TYPE DO block DONE
    (85) return -> . RETURN expression
    (86) ctn -> . CONTINUE
    (87) brk -> . BREAK
    (88) onbrk -> . ONBREAK statement
    (2) expression -> . IDENTIFIER_EXPR
    (3) expression -> . NUMBER
    (4) expression -> . BOOLEAN
    (5) expression -> . CHAR
    (6) expression -> . STRING
    (7) expression -> . LPAREN expression RPAREN
    (8) expression -> . expression PLUS expression
    (9) expression -> . expression MINUS expression
    (10) expression -> . expression TIMES expression
    (11) expression -> . expression DIVIDE expression
    (12) expression -> . expression AND_BIT expression
    (13) expression -> . expression OR_BIT expression
    (14) expression -> . expression MOD expression
    (15) expression -> . expression XOR_BIT expression
    (16) expression -> . expression SMALLER expression
    (17) expression -> . expression GREATER expression
    (18) expression -> . expression EQUALS expression
    (19) expression -> . expression SMALLER_EQ expression
    (20) expression -> . expression GREATER_EQ expression
    (21) expression -> . expression NOT_EQ expression
    (22) expression -> . expression AND_BOOL expression
    (23) expression -> . expression OR_BOOL expression
    (24) expression -> . expression XOR_BOOL expression
    (25) expression -> . NOT_BIT expression
    (26) expression -> . NOT_BOOL expression
    (27) expression -> . MINUS expression
    (36) expression -> . IDENTIFIER LBRACKET INDEX RBRACKET
    (44) expression -> . IDENTIFIER DOT GET LPAREN INDEX RPAREN
    (47) expression -> . HASH WITH LPAREN param_list RPAREN FUNCARROW TYPE DO block DONE
    (83) expression -> . IDENTIFIER LPAREN RPAREN
    (84) expression -> . IDENTIFIER LPAREN param_call_list RPAREN
    (35) array -> . LBRACKET arg_list RBRACKET
    (37) list_type_l -> . LIST WITH TYPE
    (43) list -> . LPAREN arg_list RPAREN
    (1) IDENTIFIER_EXPR -> . IDENTIFIER

    PRINT           shift and go to state 13
    IDENTIFIER      shift and go to state 15
    TYPE            shift and go to state 16
    IF              shift and go to state 22
    UNTIL           shift and go to state 24
    DO              shift and go to state 23
    FUNC            shift and go to state 25
    RETURN          shift and go to state 26
    CONTINUE        shift and go to state 27
    BREAK           shift and go to state 28
    ONBREAK         shift and go to state 29
    NUMBER          shift and go to state 31
    BOOLEAN         shift and go to state 32
    CHAR            shift and go to state 33
    STRING          shift and go to state 34
    LPAREN          shift and go to state 14
    NOT_BIT         shift and go to state 36
    NOT_BOOL        shift and go to state 37
    MINUS           shift and go to state 35
    HASH            shift and go to state 18
    LBRACKET        shift and go to state 17
    LIST            shift and go to state 38

    statement                      shift and go to state 84
    assign                         shift and go to state 3
    declaration                    shift and go to state 4
    condition                      shift and go to state 5
    iteration                      shift and go to state 6
    func_decl                      shift and go to state 7
    return                         shift and go to state 8
    ctn                            shift and go to state 9
    brk                            shift and go to state 10
    onbrk                          shift and go to state 11
    expression                     shift and go to state 12
    array                          shift and go to state 19
    list_type_l                    shift and go to state 20
    list                           shift and go to state 21
    IDENTIFIER_EXPR                shift and go to state 30

state 30

    (2) expression -> IDENTIFIER_EXPR .

    RASSIGN         reduce using rule 2 (expression -> IDENTIFIER_EXPR .)
    PLUS            reduce using rule 2 (expression -> IDENTIFIER_EXPR .)
    MINUS           reduce using rule 2 (expression -> IDENTIFIER_EXPR .)
    TIMES           reduce using rule 2 (expression -> IDENTIFIER_EXPR .)
    DIVIDE          reduce using rule 2 (expression -> IDENTIFIER_EXPR .)
    AND_BIT         reduce using rule 2 (expression -> IDENTIFIER_EXPR .)
    OR_BIT          reduce using rule 2 (expression -> IDENTIFIER_EXPR .)
    MOD             reduce using rule 2 (expression -> IDENTIFIER_EXPR .)
    XOR_BIT         reduce using rule 2 (expression -> IDENTIFIER_EXPR .)
    SMALLER         reduce using rule 2 (expression -> IDENTIFIER_EXPR .)
    GREATER         reduce using rule 2 (expression -> IDENTIFIER_EXPR .)
    EQUALS          reduce using rule 2 (expression -> IDENTIFIER_EXPR .)
    SMALLER_EQ      reduce using rule 2 (expression -> IDENTIFIER_EXPR .)
    GREATER_EQ      reduce using rule 2 (expression -> IDENTIFIER_EXPR .)
    NOT_EQ          reduce using rule 2 (expression -> IDENTIFIER_EXPR .)
    AND_BOOL        reduce using rule 2 (expression -> IDENTIFIER_EXPR .)
    OR_BOOL         reduce using rule 2 (expression -> IDENTIFIER_EXPR .)
    XOR_BOOL        reduce using rule 2 (expression -> IDENTIFIER_EXPR .)
    SEMICOLON       reduce using rule 2 (expression -> IDENTIFIER_EXPR .)
    RPAREN          reduce using rule 2 (expression -> IDENTIFIER_EXPR .)
    COMMA           reduce using rule 2 (expression -> IDENTIFIER_EXPR .)
    RBRACKET        reduce using rule 2 (expression -> IDENTIFIER_EXPR .)
    DO              reduce using rule 2 (expression -> IDENTIFIER_EXPR .)


state 31

    (3) expression -> NUMBER .

    RASSIGN         reduce using rule 3 (expression -> NUMBER .)
    PLUS            reduce using rule 3 (expression -> NUMBER .)
    MINUS           reduce using rule 3 (expression -> NUMBER .)
    TIMES           reduce using rule 3 (expression -> NUMBER .)
    DIVIDE          reduce using rule 3 (expression -> NUMBER .)
    AND_BIT         reduce using rule 3 (expression -> NUMBER .)
    OR_BIT          reduce using rule 3 (expression -> NUMBER .)
    MOD             reduce using rule 3 (expression -> NUMBER .)
    XOR_BIT         reduce using rule 3 (expression -> NUMBER .)
    SMALLER         reduce using rule 3 (expression -> NUMBER .)
    GREATER         reduce using rule 3 (expression -> NUMBER .)
    EQUALS          reduce using rule 3 (expression -> NUMBER .)
    SMALLER_EQ      reduce using rule 3 (expression -> NUMBER .)
    GREATER_EQ      reduce using rule 3 (expression -> NUMBER .)
    NOT_EQ          reduce using rule 3 (expression -> NUMBER .)
    AND_BOOL        reduce using rule 3 (expression -> NUMBER .)
    OR_BOOL         reduce using rule 3 (expression -> NUMBER .)
    XOR_BOOL        reduce using rule 3 (expression -> NUMBER .)
    SEMICOLON       reduce using rule 3 (expression -> NUMBER .)
    RPAREN          reduce using rule 3 (expression -> NUMBER .)
    COMMA           reduce using rule 3 (expression -> NUMBER .)
    RBRACKET        reduce using rule 3 (expression -> NUMBER .)
    DO              reduce using rule 3 (expression -> NUMBER .)


state 32

    (4) expression -> BOOLEAN .

    RASSIGN         reduce using rule 4 (expression -> BOOLEAN .)
    PLUS            reduce using rule 4 (expression -> BOOLEAN .)
    MINUS           reduce using rule 4 (expression -> BOOLEAN .)
    TIMES           reduce using rule 4 (expression -> BOOLEAN .)
    DIVIDE          reduce using rule 4 (expression -> BOOLEAN .)
    AND_BIT         reduce using rule 4 (expression -> BOOLEAN .)
    OR_BIT          reduce using rule 4 (expression -> BOOLEAN .)
    MOD             reduce using rule 4 (expression -> BOOLEAN .)
    XOR_BIT         reduce using rule 4 (expression -> BOOLEAN .)
    SMALLER         reduce using rule 4 (expression -> BOOLEAN .)
    GREATER         reduce using rule 4 (expression -> BOOLEAN .)
    EQUALS          reduce using rule 4 (expression -> BOOLEAN .)
    SMALLER_EQ      reduce using rule 4 (expression -> BOOLEAN .)
    GREATER_EQ      reduce using rule 4 (expression -> BOOLEAN .)
    NOT_EQ          reduce using rule 4 (expression -> BOOLEAN .)
    AND_BOOL        reduce using rule 4 (expression -> BOOLEAN .)
    OR_BOOL         reduce using rule 4 (expression -> BOOLEAN .)
    XOR_BOOL        reduce using rule 4 (expression -> BOOLEAN .)
    SEMICOLON       reduce using rule 4 (expression -> BOOLEAN .)
    RPAREN          reduce using rule 4 (expression -> BOOLEAN .)
    COMMA           reduce using rule 4 (expression -> BOOLEAN .)
    RBRACKET        reduce using rule 4 (expression -> BOOLEAN .)
    DO              reduce using rule 4 (expression -> BOOLEAN .)


state 33

    (5) expression -> CHAR .

    RASSIGN         reduce using rule 5 (expression -> CHAR .)
    PLUS            reduce using rule 5 (expression -> CHAR .)
    MINUS           reduce using rule 5 (expression -> CHAR .)
    TIMES           reduce using rule 5 (expression -> CHAR .)
    DIVIDE          reduce using rule 5 (expression -> CHAR .)
    AND_BIT         reduce using rule 5 (expression -> CHAR .)
    OR_BIT          reduce using rule 5 (expression -> CHAR .)
    MOD             reduce using rule 5 (expression -> CHAR .)
    XOR_BIT         reduce using rule 5 (expression -> CHAR .)
    SMALLER         reduce using rule 5 (expression -> CHAR .)
    GREATER         reduce using rule 5 (expression -> CHAR .)
    EQUALS          reduce using rule 5 (expression -> CHAR .)
    SMALLER_EQ      reduce using rule 5 (expression -> CHAR .)
    GREATER_EQ      reduce using rule 5 (expression -> CHAR .)
    NOT_EQ          reduce using rule 5 (expression -> CHAR .)
    AND_BOOL        reduce using rule 5 (expression -> CHAR .)
    OR_BOOL         reduce using rule 5 (expression -> CHAR .)
    XOR_BOOL        reduce using rule 5 (expression -> CHAR .)
    SEMICOLON       reduce using rule 5 (expression -> CHAR .)
    RPAREN          reduce using rule 5 (expression -> CHAR .)
    COMMA           reduce using rule 5 (expression -> CHAR .)
    RBRACKET        reduce using rule 5 (expression -> CHAR .)
    DO              reduce using rule 5 (expression -> CHAR .)


state 34

    (6) expression -> STRING .

    RASSIGN         reduce using rule 6 (expression -> STRING .)
    PLUS            reduce using rule 6 (expression -> STRING .)
    MINUS           reduce using rule 6 (expression -> STRING .)
    TIMES           reduce using rule 6 (expression -> STRING .)
    DIVIDE          reduce using rule 6 (expression -> STRING .)
    AND_BIT         reduce using rule 6 (expression -> STRING .)
    OR_BIT          reduce using rule 6 (expression -> STRING .)
    MOD             reduce using rule 6 (expression -> STRING .)
    XOR_BIT         reduce using rule 6 (expression -> STRING .)
    SMALLER         reduce using rule 6 (expression -> STRING .)
    GREATER         reduce using rule 6 (expression -> STRING .)
    EQUALS          reduce using rule 6 (expression -> STRING .)
    SMALLER_EQ      reduce using rule 6 (expression -> STRING .)
    GREATER_EQ      reduce using rule 6 (expression -> STRING .)
    NOT_EQ          reduce using rule 6 (expression -> STRING .)
    AND_BOOL        reduce using rule 6 (expression -> STRING .)
    OR_BOOL         reduce using rule 6 (expression -> STRING .)
    XOR_BOOL        reduce using rule 6 (expression -> STRING .)
    SEMICOLON       reduce using rule 6 (expression -> STRING .)
    RPAREN          reduce using rule 6 (expression -> STRING .)
    COMMA           reduce using rule 6 (expression -> STRING .)
    RBRACKET        reduce using rule 6 (expression -> STRING .)
    DO              reduce using rule 6 (expression -> STRING .)


state 35

    (27) expression -> MINUS . expression
    (2) expression -> . IDENTIFIER_EXPR
    (3) expression -> . NUMBER
    (4) expression -> . BOOLEAN
    (5) expression -> . CHAR
    (6) expression -> . STRING
    (7) expression -> . LPAREN expression RPAREN
    (8) expression -> . expression PLUS expression
    (9) expression -> . expression MINUS expression
    (10) expression -> . expression TIMES expression
    (11) expression -> . expression DIVIDE expression
    (12) expression -> . expression AND_BIT expression
    (13) expression -> . expression OR_BIT expression
    (14) expression -> . expression MOD expression
    (15) expression -> . expression XOR_BIT expression
    (16) expression -> . expression SMALLER expression
    (17) expression -> . expression GREATER expression
    (18) expression -> . expression EQUALS expression
    (19) expression -> . expression SMALLER_EQ expression
    (20) expression -> . expression GREATER_EQ expression
    (21) expression -> . expression NOT_EQ expression
    (22) expression -> . expression AND_BOOL expression
    (23) expression -> . expression OR_BOOL expression
    (24) expression -> . expression XOR_BOOL expression
    (25) expression -> . NOT_BIT expression
    (26) expression -> . NOT_BOOL expression
    (27) expression -> . MINUS expression
    (36) expression -> . IDENTIFIER LBRACKET INDEX RBRACKET
    (44) expression -> . IDENTIFIER DOT GET LPAREN INDEX RPAREN
    (47) expression -> . HASH WITH LPAREN param_list RPAREN FUNCARROW TYPE DO block DONE
    (83) expression -> . IDENTIFIER LPAREN RPAREN
    (84) expression -> . IDENTIFIER LPAREN param_call_list RPAREN
    (1) IDENTIFIER_EXPR -> . IDENTIFIER

    NUMBER          shift and go to state 31
    BOOLEAN         shift and go to state 32
    CHAR            shift and go to state 33
    STRING          shift and go to state 34
    LPAREN          shift and go to state 60
    NOT_BIT         shift and go to state 36
    NOT_BOOL        shift and go to state 37
    MINUS           shift and go to state 35
    IDENTIFIER      shift and go to state 63
    HASH            shift and go to state 18

    expression                     shift and go to state 85
    IDENTIFIER_EXPR                shift and go to state 30

state 36

    (25) expression -> NOT_BIT . expression
    (2) expression -> . IDENTIFIER_EXPR
    (3) expression -> . NUMBER
    (4) expression -> . BOOLEAN
    (5) expression -> . CHAR
    (6) expression -> . STRING
    (7) expression -> . LPAREN expression RPAREN
    (8) expression -> . expression PLUS expression
    (9) expression -> . expression MINUS expression
    (10) expression -> . expression TIMES expression
    (11) expression -> . expression DIVIDE expression
    (12) expression -> . expression AND_BIT expression
    (13) expression -> . expression OR_BIT expression
    (14) expression -> . expression MOD expression
    (15) expression -> . expression XOR_BIT expression
    (16) expression -> . expression SMALLER expression
    (17) expression -> . expression GREATER expression
    (18) expression -> . expression EQUALS expression
    (19) expression -> . expression SMALLER_EQ expression
    (20) expression -> . expression GREATER_EQ expression
    (21) expression -> . expression NOT_EQ expression
    (22) expression -> . expression AND_BOOL expression
    (23) expression -> . expression OR_BOOL expression
    (24) expression -> . expression XOR_BOOL expression
    (25) expression -> . NOT_BIT expression
    (26) expression -> . NOT_BOOL expression
    (27) expression -> . MINUS expression
    (36) expression -> . IDENTIFIER LBRACKET INDEX RBRACKET
    (44) expression -> . IDENTIFIER DOT GET LPAREN INDEX RPAREN
    (47) expression -> . HASH WITH LPAREN param_list RPAREN FUNCARROW TYPE DO block DONE
    (83) expression -> . IDENTIFIER LPAREN RPAREN
    (84) expression -> . IDENTIFIER LPAREN param_call_list RPAREN
    (1) IDENTIFIER_EXPR -> . IDENTIFIER

    NUMBER          shift and go to state 31
    BOOLEAN         shift and go to state 32
    CHAR            shift and go to state 33
    STRING          shift and go to state 34
    LPAREN          shift and go to state 60
    NOT_BIT         shift and go to state 36
    NOT_BOOL        shift and go to state 37
    MINUS           shift and go to state 35
    IDENTIFIER      shift and go to state 63
    HASH            shift and go to state 18

    expression                     shift and go to state 86
    IDENTIFIER_EXPR                shift and go to state 30

state 37

    (26) expression -> NOT_BOOL . expression
    (2) expression -> . IDENTIFIER_EXPR
    (3) expression -> . NUMBER
    (4) expression -> . BOOLEAN
    (5) expression -> . CHAR
    (6) expression -> . STRING
    (7) expression -> . LPAREN expression RPAREN
    (8) expression -> . expression PLUS expression
    (9) expression -> . expression MINUS expression
    (10) expression -> . expression TIMES expression
    (11) expression -> . expression DIVIDE expression
    (12) expression -> . expression AND_BIT expression
    (13) expression -> . expression OR_BIT expression
    (14) expression -> . expression MOD expression
    (15) expression -> . expression XOR_BIT expression
    (16) expression -> . expression SMALLER expression
    (17) expression -> . expression GREATER expression
    (18) expression -> . expression EQUALS expression
    (19) expression -> . expression SMALLER_EQ expression
    (20) expression -> . expression GREATER_EQ expression
    (21) expression -> . expression NOT_EQ expression
    (22) expression -> . expression AND_BOOL expression
    (23) expression -> . expression OR_BOOL expression
    (24) expression -> . expression XOR_BOOL expression
    (25) expression -> . NOT_BIT expression
    (26) expression -> . NOT_BOOL expression
    (27) expression -> . MINUS expression
    (36) expression -> . IDENTIFIER LBRACKET INDEX RBRACKET
    (44) expression -> . IDENTIFIER DOT GET LPAREN INDEX RPAREN
    (47) expression -> . HASH WITH LPAREN param_list RPAREN FUNCARROW TYPE DO block DONE
    (83) expression -> . IDENTIFIER LPAREN RPAREN
    (84) expression -> . IDENTIFIER LPAREN param_call_list RPAREN
    (1) IDENTIFIER_EXPR -> . IDENTIFIER

    NUMBER          shift and go to state 31
    BOOLEAN         shift and go to state 32
    CHAR            shift and go to state 33
    STRING          shift and go to state 34
    LPAREN          shift and go to state 60
    NOT_BIT         shift and go to state 36
    NOT_BOOL        shift and go to state 37
    MINUS           shift and go to state 35
    IDENTIFIER      shift and go to state 63
    HASH            shift and go to state 18

    expression                     shift and go to state 87
    IDENTIFIER_EXPR                shift and go to state 30

state 38

    (37) list_type_l -> LIST . WITH TYPE

    WITH            shift and go to state 88


state 39

    (89) program -> program statement . SEMICOLON

    SEMICOLON       shift and go to state 89


state 40

    (90) program -> statement SEMICOLON .

    PRINT           reduce using rule 90 (program -> statement SEMICOLON .)
    IDENTIFIER      reduce using rule 90 (program -> statement SEMICOLON .)
    TYPE            reduce using rule 90 (program -> statement SEMICOLON .)
    IF              reduce using rule 90 (program -> statement SEMICOLON .)
    UNTIL           reduce using rule 90 (program -> statement SEMICOLON .)
    DO              reduce using rule 90 (program -> statement SEMICOLON .)
    FUNC            reduce using rule 90 (program -> statement SEMICOLON .)
    RETURN          reduce using rule 90 (program -> statement SEMICOLON .)
    CONTINUE        reduce using rule 90 (program -> statement SEMICOLON .)
    BREAK           reduce using rule 90 (program -> statement SEMICOLON .)
    ONBREAK         reduce using rule 90 (program -> statement SEMICOLON .)
    NUMBER          reduce using rule 90 (program -> statement SEMICOLON .)
    BOOLEAN         reduce using rule 90 (program -> statement SEMICOLON .)
    CHAR            reduce using rule 90 (program -> statement SEMICOLON .)
    STRING          reduce using rule 90 (program -> statement SEMICOLON .)
    LPAREN          reduce using rule 90 (program -> statement SEMICOLON .)
    NOT_BIT         reduce using rule 90 (program -> statement SEMICOLON .)
    NOT_BOOL        reduce using rule 90 (program -> statement SEMICOLON .)
    MINUS           reduce using rule 90 (program -> statement SEMICOLON .)
    HASH            reduce using rule 90 (program -> statement SEMICOLON .)
    LBRACKET        reduce using rule 90 (program -> statement SEMICOLON .)
    LIST            reduce using rule 90 (program -> statement SEMICOLON .)
    $end            reduce using rule 90 (program -> statement SEMICOLON .)


state 41

    (63) assign -> expression RASSIGN . IDENTIFIER
    (65) declaration -> expression RASSIGN . IDENTIFIER HASH TYPE

    IDENTIFIER      shift and go to state 90


state 42

    (8) expression -> expression PLUS . expression
    (2) expression -> . IDENTIFIER_EXPR
    (3) expression -> . NUMBER
    (4) expression -> . BOOLEAN
    (5) expression -> . CHAR
    (6) expression -> . STRING
    (7) expression -> . LPAREN expression RPAREN
    (8) expression -> . expression PLUS expression
    (9) expression -> . expression MINUS expression
    (10) expression -> . expression TIMES expression
    (11) expression -> . expression DIVIDE expression
    (12) expression -> . expression AND_BIT expression
    (13) expression -> . expression OR_BIT expression
    (14) expression -> . expression MOD expression
    (15) expression -> . expression XOR_BIT expression
    (16) expression -> . expression SMALLER expression
    (17) expression -> . expression GREATER expression
    (18) expression -> . expression EQUALS expression
    (19) expression -> . expression SMALLER_EQ expression
    (20) expression -> . expression GREATER_EQ expression
    (21) expression -> . expression NOT_EQ expression
    (22) expression -> . expression AND_BOOL expression
    (23) expression -> . expression OR_BOOL expression
    (24) expression -> . expression XOR_BOOL expression
    (25) expression -> . NOT_BIT expression
    (26) expression -> . NOT_BOOL expression
    (27) expression -> . MINUS expression
    (36) expression -> . IDENTIFIER LBRACKET INDEX RBRACKET
    (44) expression -> . IDENTIFIER DOT GET LPAREN INDEX RPAREN
    (47) expression -> . HASH WITH LPAREN param_list RPAREN FUNCARROW TYPE DO block DONE
    (83) expression -> . IDENTIFIER LPAREN RPAREN
    (84) expression -> . IDENTIFIER LPAREN param_call_list RPAREN
    (1) IDENTIFIER_EXPR -> . IDENTIFIER

    NUMBER          shift and go to state 31
    BOOLEAN         shift and go to state 32
    CHAR            shift and go to state 33
    STRING          shift and go to state 34
    LPAREN          shift and go to state 60
    NOT_BIT         shift and go to state 36
    NOT_BOOL        shift and go to state 37
    MINUS           shift and go to state 35
    IDENTIFIER      shift and go to state 63
    HASH            shift and go to state 18

    expression                     shift and go to state 91
    IDENTIFIER_EXPR                shift and go to state 30

state 43

    (9) expression -> expression MINUS . expression
    (2) expression -> . IDENTIFIER_EXPR
    (3) expression -> . NUMBER
    (4) expression -> . BOOLEAN
    (5) expression -> . CHAR
    (6) expression -> . STRING
    (7) expression -> . LPAREN expression RPAREN
    (8) expression -> . expression PLUS expression
    (9) expression -> . expression MINUS expression
    (10) expression -> . expression TIMES expression
    (11) expression -> . expression DIVIDE expression
    (12) expression -> . expression AND_BIT expression
    (13) expression -> . expression OR_BIT expression
    (14) expression -> . expression MOD expression
    (15) expression -> . expression XOR_BIT expression
    (16) expression -> . expression SMALLER expression
    (17) expression -> . expression GREATER expression
    (18) expression -> . expression EQUALS expression
    (19) expression -> . expression SMALLER_EQ expression
    (20) expression -> . expression GREATER_EQ expression
    (21) expression -> . expression NOT_EQ expression
    (22) expression -> . expression AND_BOOL expression
    (23) expression -> . expression OR_BOOL expression
    (24) expression -> . expression XOR_BOOL expression
    (25) expression -> . NOT_BIT expression
    (26) expression -> . NOT_BOOL expression
    (27) expression -> . MINUS expression
    (36) expression -> . IDENTIFIER LBRACKET INDEX RBRACKET
    (44) expression -> . IDENTIFIER DOT GET LPAREN INDEX RPAREN
    (47) expression -> . HASH WITH LPAREN param_list RPAREN FUNCARROW TYPE DO block DONE
    (83) expression -> . IDENTIFIER LPAREN RPAREN
    (84) expression -> . IDENTIFIER LPAREN param_call_list RPAREN
    (1) IDENTIFIER_EXPR -> . IDENTIFIER

    NUMBER          shift and go to state 31
    BOOLEAN         shift and go to state 32
    CHAR            shift and go to state 33
    STRING          shift and go to state 34
    LPAREN          shift and go to state 60
    NOT_BIT         shift and go to state 36
    NOT_BOOL        shift and go to state 37
    MINUS           shift and go to state 35
    IDENTIFIER      shift and go to state 63
    HASH            shift and go to state 18

    expression                     shift and go to state 92
    IDENTIFIER_EXPR                shift and go to state 30

state 44

    (10) expression -> expression TIMES . expression
    (2) expression -> . IDENTIFIER_EXPR
    (3) expression -> . NUMBER
    (4) expression -> . BOOLEAN
    (5) expression -> . CHAR
    (6) expression -> . STRING
    (7) expression -> . LPAREN expression RPAREN
    (8) expression -> . expression PLUS expression
    (9) expression -> . expression MINUS expression
    (10) expression -> . expression TIMES expression
    (11) expression -> . expression DIVIDE expression
    (12) expression -> . expression AND_BIT expression
    (13) expression -> . expression OR_BIT expression
    (14) expression -> . expression MOD expression
    (15) expression -> . expression XOR_BIT expression
    (16) expression -> . expression SMALLER expression
    (17) expression -> . expression GREATER expression
    (18) expression -> . expression EQUALS expression
    (19) expression -> . expression SMALLER_EQ expression
    (20) expression -> . expression GREATER_EQ expression
    (21) expression -> . expression NOT_EQ expression
    (22) expression -> . expression AND_BOOL expression
    (23) expression -> . expression OR_BOOL expression
    (24) expression -> . expression XOR_BOOL expression
    (25) expression -> . NOT_BIT expression
    (26) expression -> . NOT_BOOL expression
    (27) expression -> . MINUS expression
    (36) expression -> . IDENTIFIER LBRACKET INDEX RBRACKET
    (44) expression -> . IDENTIFIER DOT GET LPAREN INDEX RPAREN
    (47) expression -> . HASH WITH LPAREN param_list RPAREN FUNCARROW TYPE DO block DONE
    (83) expression -> . IDENTIFIER LPAREN RPAREN
    (84) expression -> . IDENTIFIER LPAREN param_call_list RPAREN
    (1) IDENTIFIER_EXPR -> . IDENTIFIER

    NUMBER          shift and go to state 31
    BOOLEAN         shift and go to state 32
    CHAR            shift and go to state 33
    STRING          shift and go to state 34
    LPAREN          shift and go to state 60
    NOT_BIT         shift and go to state 36
    NOT_BOOL        shift and go to state 37
    MINUS           shift and go to state 35
    IDENTIFIER      shift and go to state 63
    HASH            shift and go to state 18

    expression                     shift and go to state 93
    IDENTIFIER_EXPR                shift and go to state 30

state 45

    (11) expression -> expression DIVIDE . expression
    (2) expression -> . IDENTIFIER_EXPR
    (3) expression -> . NUMBER
    (4) expression -> . BOOLEAN
    (5) expression -> . CHAR
    (6) expression -> . STRING
    (7) expression -> . LPAREN expression RPAREN
    (8) expression -> . expression PLUS expression
    (9) expression -> . expression MINUS expression
    (10) expression -> . expression TIMES expression
    (11) expression -> . expression DIVIDE expression
    (12) expression -> . expression AND_BIT expression
    (13) expression -> . expression OR_BIT expression
    (14) expression -> . expression MOD expression
    (15) expression -> . expression XOR_BIT expression
    (16) expression -> . expression SMALLER expression
    (17) expression -> . expression GREATER expression
    (18) expression -> . expression EQUALS expression
    (19) expression -> . expression SMALLER_EQ expression
    (20) expression -> . expression GREATER_EQ expression
    (21) expression -> . expression NOT_EQ expression
    (22) expression -> . expression AND_BOOL expression
    (23) expression -> . expression OR_BOOL expression
    (24) expression -> . expression XOR_BOOL expression
    (25) expression -> . NOT_BIT expression
    (26) expression -> . NOT_BOOL expression
    (27) expression -> . MINUS expression
    (36) expression -> . IDENTIFIER LBRACKET INDEX RBRACKET
    (44) expression -> . IDENTIFIER DOT GET LPAREN INDEX RPAREN
    (47) expression -> . HASH WITH LPAREN param_list RPAREN FUNCARROW TYPE DO block DONE
    (83) expression -> . IDENTIFIER LPAREN RPAREN
    (84) expression -> . IDENTIFIER LPAREN param_call_list RPAREN
    (1) IDENTIFIER_EXPR -> . IDENTIFIER

    NUMBER          shift and go to state 31
    BOOLEAN         shift and go to state 32
    CHAR            shift and go to state 33
    STRING          shift and go to state 34
    LPAREN          shift and go to state 60
    NOT_BIT         shift and go to state 36
    NOT_BOOL        shift and go to state 37
    MINUS           shift and go to state 35
    IDENTIFIER      shift and go to state 63
    HASH            shift and go to state 18

    expression                     shift and go to state 94
    IDENTIFIER_EXPR                shift and go to state 30

state 46

    (12) expression -> expression AND_BIT . expression
    (2) expression -> . IDENTIFIER_EXPR
    (3) expression -> . NUMBER
    (4) expression -> . BOOLEAN
    (5) expression -> . CHAR
    (6) expression -> . STRING
    (7) expression -> . LPAREN expression RPAREN
    (8) expression -> . expression PLUS expression
    (9) expression -> . expression MINUS expression
    (10) expression -> . expression TIMES expression
    (11) expression -> . expression DIVIDE expression
    (12) expression -> . expression AND_BIT expression
    (13) expression -> . expression OR_BIT expression
    (14) expression -> . expression MOD expression
    (15) expression -> . expression XOR_BIT expression
    (16) expression -> . expression SMALLER expression
    (17) expression -> . expression GREATER expression
    (18) expression -> . expression EQUALS expression
    (19) expression -> . expression SMALLER_EQ expression
    (20) expression -> . expression GREATER_EQ expression
    (21) expression -> . expression NOT_EQ expression
    (22) expression -> . expression AND_BOOL expression
    (23) expression -> . expression OR_BOOL expression
    (24) expression -> . expression XOR_BOOL expression
    (25) expression -> . NOT_BIT expression
    (26) expression -> . NOT_BOOL expression
    (27) expression -> . MINUS expression
    (36) expression -> . IDENTIFIER LBRACKET INDEX RBRACKET
    (44) expression -> . IDENTIFIER DOT GET LPAREN INDEX RPAREN
    (47) expression -> . HASH WITH LPAREN param_list RPAREN FUNCARROW TYPE DO block DONE
    (83) expression -> . IDENTIFIER LPAREN RPAREN
    (84) expression -> . IDENTIFIER LPAREN param_call_list RPAREN
    (1) IDENTIFIER_EXPR -> . IDENTIFIER

    NUMBER          shift and go to state 31
    BOOLEAN         shift and go to state 32
    CHAR            shift and go to state 33
    STRING          shift and go to state 34
    LPAREN          shift and go to state 60
    NOT_BIT         shift and go to state 36
    NOT_BOOL        shift and go to state 37
    MINUS           shift and go to state 35
    IDENTIFIER      shift and go to state 63
    HASH            shift and go to state 18

    expression                     shift and go to state 95
    IDENTIFIER_EXPR                shift and go to state 30

state 47

    (13) expression -> expression OR_BIT . expression
    (2) expression -> . IDENTIFIER_EXPR
    (3) expression -> . NUMBER
    (4) expression -> . BOOLEAN
    (5) expression -> . CHAR
    (6) expression -> . STRING
    (7) expression -> . LPAREN expression RPAREN
    (8) expression -> . expression PLUS expression
    (9) expression -> . expression MINUS expression
    (10) expression -> . expression TIMES expression
    (11) expression -> . expression DIVIDE expression
    (12) expression -> . expression AND_BIT expression
    (13) expression -> . expression OR_BIT expression
    (14) expression -> . expression MOD expression
    (15) expression -> . expression XOR_BIT expression
    (16) expression -> . expression SMALLER expression
    (17) expression -> . expression GREATER expression
    (18) expression -> . expression EQUALS expression
    (19) expression -> . expression SMALLER_EQ expression
    (20) expression -> . expression GREATER_EQ expression
    (21) expression -> . expression NOT_EQ expression
    (22) expression -> . expression AND_BOOL expression
    (23) expression -> . expression OR_BOOL expression
    (24) expression -> . expression XOR_BOOL expression
    (25) expression -> . NOT_BIT expression
    (26) expression -> . NOT_BOOL expression
    (27) expression -> . MINUS expression
    (36) expression -> . IDENTIFIER LBRACKET INDEX RBRACKET
    (44) expression -> . IDENTIFIER DOT GET LPAREN INDEX RPAREN
    (47) expression -> . HASH WITH LPAREN param_list RPAREN FUNCARROW TYPE DO block DONE
    (83) expression -> . IDENTIFIER LPAREN RPAREN
    (84) expression -> . IDENTIFIER LPAREN param_call_list RPAREN
    (1) IDENTIFIER_EXPR -> . IDENTIFIER

    NUMBER          shift and go to state 31
    BOOLEAN         shift and go to state 32
    CHAR            shift and go to state 33
    STRING          shift and go to state 34
    LPAREN          shift and go to state 60
    NOT_BIT         shift and go to state 36
    NOT_BOOL        shift and go to state 37
    MINUS           shift and go to state 35
    IDENTIFIER      shift and go to state 63
    HASH            shift and go to state 18

    expression                     shift and go to state 96
    IDENTIFIER_EXPR                shift and go to state 30

state 48

    (14) expression -> expression MOD . expression
    (2) expression -> . IDENTIFIER_EXPR
    (3) expression -> . NUMBER
    (4) expression -> . BOOLEAN
    (5) expression -> . CHAR
    (6) expression -> . STRING
    (7) expression -> . LPAREN expression RPAREN
    (8) expression -> . expression PLUS expression
    (9) expression -> . expression MINUS expression
    (10) expression -> . expression TIMES expression
    (11) expression -> . expression DIVIDE expression
    (12) expression -> . expression AND_BIT expression
    (13) expression -> . expression OR_BIT expression
    (14) expression -> . expression MOD expression
    (15) expression -> . expression XOR_BIT expression
    (16) expression -> . expression SMALLER expression
    (17) expression -> . expression GREATER expression
    (18) expression -> . expression EQUALS expression
    (19) expression -> . expression SMALLER_EQ expression
    (20) expression -> . expression GREATER_EQ expression
    (21) expression -> . expression NOT_EQ expression
    (22) expression -> . expression AND_BOOL expression
    (23) expression -> . expression OR_BOOL expression
    (24) expression -> . expression XOR_BOOL expression
    (25) expression -> . NOT_BIT expression
    (26) expression -> . NOT_BOOL expression
    (27) expression -> . MINUS expression
    (36) expression -> . IDENTIFIER LBRACKET INDEX RBRACKET
    (44) expression -> . IDENTIFIER DOT GET LPAREN INDEX RPAREN
    (47) expression -> . HASH WITH LPAREN param_list RPAREN FUNCARROW TYPE DO block DONE
    (83) expression -> . IDENTIFIER LPAREN RPAREN
    (84) expression -> . IDENTIFIER LPAREN param_call_list RPAREN
    (1) IDENTIFIER_EXPR -> . IDENTIFIER

    NUMBER          shift and go to state 31
    BOOLEAN         shift and go to state 32
    CHAR            shift and go to state 33
    STRING          shift and go to state 34
    LPAREN          shift and go to state 60
    NOT_BIT         shift and go to state 36
    NOT_BOOL        shift and go to state 37
    MINUS           shift and go to state 35
    IDENTIFIER      shift and go to state 63
    HASH            shift and go to state 18

    expression                     shift and go to state 97
    IDENTIFIER_EXPR                shift and go to state 30

state 49

    (15) expression -> expression XOR_BIT . expression
    (2) expression -> . IDENTIFIER_EXPR
    (3) expression -> . NUMBER
    (4) expression -> . BOOLEAN
    (5) expression -> . CHAR
    (6) expression -> . STRING
    (7) expression -> . LPAREN expression RPAREN
    (8) expression -> . expression PLUS expression
    (9) expression -> . expression MINUS expression
    (10) expression -> . expression TIMES expression
    (11) expression -> . expression DIVIDE expression
    (12) expression -> . expression AND_BIT expression
    (13) expression -> . expression OR_BIT expression
    (14) expression -> . expression MOD expression
    (15) expression -> . expression XOR_BIT expression
    (16) expression -> . expression SMALLER expression
    (17) expression -> . expression GREATER expression
    (18) expression -> . expression EQUALS expression
    (19) expression -> . expression SMALLER_EQ expression
    (20) expression -> . expression GREATER_EQ expression
    (21) expression -> . expression NOT_EQ expression
    (22) expression -> . expression AND_BOOL expression
    (23) expression -> . expression OR_BOOL expression
    (24) expression -> . expression XOR_BOOL expression
    (25) expression -> . NOT_BIT expression
    (26) expression -> . NOT_BOOL expression
    (27) expression -> . MINUS expression
    (36) expression -> . IDENTIFIER LBRACKET INDEX RBRACKET
    (44) expression -> . IDENTIFIER DOT GET LPAREN INDEX RPAREN
    (47) expression -> . HASH WITH LPAREN param_list RPAREN FUNCARROW TYPE DO block DONE
    (83) expression -> . IDENTIFIER LPAREN RPAREN
    (84) expression -> . IDENTIFIER LPAREN param_call_list RPAREN
    (1) IDENTIFIER_EXPR -> . IDENTIFIER

    NUMBER          shift and go to state 31
    BOOLEAN         shift and go to state 32
    CHAR            shift and go to state 33
    STRING          shift and go to state 34
    LPAREN          shift and go to state 60
    NOT_BIT         shift and go to state 36
    NOT_BOOL        shift and go to state 37
    MINUS           shift and go to state 35
    IDENTIFIER      shift and go to state 63
    HASH            shift and go to state 18

    expression                     shift and go to state 98
    IDENTIFIER_EXPR                shift and go to state 30

state 50

    (16) expression -> expression SMALLER . expression
    (2) expression -> . IDENTIFIER_EXPR
    (3) expression -> . NUMBER
    (4) expression -> . BOOLEAN
    (5) expression -> . CHAR
    (6) expression -> . STRING
    (7) expression -> . LPAREN expression RPAREN
    (8) expression -> . expression PLUS expression
    (9) expression -> . expression MINUS expression
    (10) expression -> . expression TIMES expression
    (11) expression -> . expression DIVIDE expression
    (12) expression -> . expression AND_BIT expression
    (13) expression -> . expression OR_BIT expression
    (14) expression -> . expression MOD expression
    (15) expression -> . expression XOR_BIT expression
    (16) expression -> . expression SMALLER expression
    (17) expression -> . expression GREATER expression
    (18) expression -> . expression EQUALS expression
    (19) expression -> . expression SMALLER_EQ expression
    (20) expression -> . expression GREATER_EQ expression
    (21) expression -> . expression NOT_EQ expression
    (22) expression -> . expression AND_BOOL expression
    (23) expression -> . expression OR_BOOL expression
    (24) expression -> . expression XOR_BOOL expression
    (25) expression -> . NOT_BIT expression
    (26) expression -> . NOT_BOOL expression
    (27) expression -> . MINUS expression
    (36) expression -> . IDENTIFIER LBRACKET INDEX RBRACKET
    (44) expression -> . IDENTIFIER DOT GET LPAREN INDEX RPAREN
    (47) expression -> . HASH WITH LPAREN param_list RPAREN FUNCARROW TYPE DO block DONE
    (83) expression -> . IDENTIFIER LPAREN RPAREN
    (84) expression -> . IDENTIFIER LPAREN param_call_list RPAREN
    (1) IDENTIFIER_EXPR -> . IDENTIFIER

    NUMBER          shift and go to state 31
    BOOLEAN         shift and go to state 32
    CHAR            shift and go to state 33
    STRING          shift and go to state 34
    LPAREN          shift and go to state 60
    NOT_BIT         shift and go to state 36
    NOT_BOOL        shift and go to state 37
    MINUS           shift and go to state 35
    IDENTIFIER      shift and go to state 63
    HASH            shift and go to state 18

    expression                     shift and go to state 99
    IDENTIFIER_EXPR                shift and go to state 30

state 51

    (17) expression -> expression GREATER . expression
    (2) expression -> . IDENTIFIER_EXPR
    (3) expression -> . NUMBER
    (4) expression -> . BOOLEAN
    (5) expression -> . CHAR
    (6) expression -> . STRING
    (7) expression -> . LPAREN expression RPAREN
    (8) expression -> . expression PLUS expression
    (9) expression -> . expression MINUS expression
    (10) expression -> . expression TIMES expression
    (11) expression -> . expression DIVIDE expression
    (12) expression -> . expression AND_BIT expression
    (13) expression -> . expression OR_BIT expression
    (14) expression -> . expression MOD expression
    (15) expression -> . expression XOR_BIT expression
    (16) expression -> . expression SMALLER expression
    (17) expression -> . expression GREATER expression
    (18) expression -> . expression EQUALS expression
    (19) expression -> . expression SMALLER_EQ expression
    (20) expression -> . expression GREATER_EQ expression
    (21) expression -> . expression NOT_EQ expression
    (22) expression -> . expression AND_BOOL expression
    (23) expression -> . expression OR_BOOL expression
    (24) expression -> . expression XOR_BOOL expression
    (25) expression -> . NOT_BIT expression
    (26) expression -> . NOT_BOOL expression
    (27) expression -> . MINUS expression
    (36) expression -> . IDENTIFIER LBRACKET INDEX RBRACKET
    (44) expression -> . IDENTIFIER DOT GET LPAREN INDEX RPAREN
    (47) expression -> . HASH WITH LPAREN param_list RPAREN FUNCARROW TYPE DO block DONE
    (83) expression -> . IDENTIFIER LPAREN RPAREN
    (84) expression -> . IDENTIFIER LPAREN param_call_list RPAREN
    (1) IDENTIFIER_EXPR -> . IDENTIFIER

    NUMBER          shift and go to state 31
    BOOLEAN         shift and go to state 32
    CHAR            shift and go to state 33
    STRING          shift and go to state 34
    LPAREN          shift and go to state 60
    NOT_BIT         shift and go to state 36
    NOT_BOOL        shift and go to state 37
    MINUS           shift and go to state 35
    IDENTIFIER      shift and go to state 63
    HASH            shift and go to state 18

    expression                     shift and go to state 100
    IDENTIFIER_EXPR                shift and go to state 30

state 52

    (18) expression -> expression EQUALS . expression
    (2) expression -> . IDENTIFIER_EXPR
    (3) expression -> . NUMBER
    (4) expression -> . BOOLEAN
    (5) expression -> . CHAR
    (6) expression -> . STRING
    (7) expression -> . LPAREN expression RPAREN
    (8) expression -> . expression PLUS expression
    (9) expression -> . expression MINUS expression
    (10) expression -> . expression TIMES expression
    (11) expression -> . expression DIVIDE expression
    (12) expression -> . expression AND_BIT expression
    (13) expression -> . expression OR_BIT expression
    (14) expression -> . expression MOD expression
    (15) expression -> . expression XOR_BIT expression
    (16) expression -> . expression SMALLER expression
    (17) expression -> . expression GREATER expression
    (18) expression -> . expression EQUALS expression
    (19) expression -> . expression SMALLER_EQ expression
    (20) expression -> . expression GREATER_EQ expression
    (21) expression -> . expression NOT_EQ expression
    (22) expression -> . expression AND_BOOL expression
    (23) expression -> . expression OR_BOOL expression
    (24) expression -> . expression XOR_BOOL expression
    (25) expression -> . NOT_BIT expression
    (26) expression -> . NOT_BOOL expression
    (27) expression -> . MINUS expression
    (36) expression -> . IDENTIFIER LBRACKET INDEX RBRACKET
    (44) expression -> . IDENTIFIER DOT GET LPAREN INDEX RPAREN
    (47) expression -> . HASH WITH LPAREN param_list RPAREN FUNCARROW TYPE DO block DONE
    (83) expression -> . IDENTIFIER LPAREN RPAREN
    (84) expression -> . IDENTIFIER LPAREN param_call_list RPAREN
    (1) IDENTIFIER_EXPR -> . IDENTIFIER

    NUMBER          shift and go to state 31
    BOOLEAN         shift and go to state 32
    CHAR            shift and go to state 33
    STRING          shift and go to state 34
    LPAREN          shift and go to state 60
    NOT_BIT         shift and go to state 36
    NOT_BOOL        shift and go to state 37
    MINUS           shift and go to state 35
    IDENTIFIER      shift and go to state 63
    HASH            shift and go to state 18

    expression                     shift and go to state 101
    IDENTIFIER_EXPR                shift and go to state 30

state 53

    (19) expression -> expression SMALLER_EQ . expression
    (2) expression -> . IDENTIFIER_EXPR
    (3) expression -> . NUMBER
    (4) expression -> . BOOLEAN
    (5) expression -> . CHAR
    (6) expression -> . STRING
    (7) expression -> . LPAREN expression RPAREN
    (8) expression -> . expression PLUS expression
    (9) expression -> . expression MINUS expression
    (10) expression -> . expression TIMES expression
    (11) expression -> . expression DIVIDE expression
    (12) expression -> . expression AND_BIT expression
    (13) expression -> . expression OR_BIT expression
    (14) expression -> . expression MOD expression
    (15) expression -> . expression XOR_BIT expression
    (16) expression -> . expression SMALLER expression
    (17) expression -> . expression GREATER expression
    (18) expression -> . expression EQUALS expression
    (19) expression -> . expression SMALLER_EQ expression
    (20) expression -> . expression GREATER_EQ expression
    (21) expression -> . expression NOT_EQ expression
    (22) expression -> . expression AND_BOOL expression
    (23) expression -> . expression OR_BOOL expression
    (24) expression -> . expression XOR_BOOL expression
    (25) expression -> . NOT_BIT expression
    (26) expression -> . NOT_BOOL expression
    (27) expression -> . MINUS expression
    (36) expression -> . IDENTIFIER LBRACKET INDEX RBRACKET
    (44) expression -> . IDENTIFIER DOT GET LPAREN INDEX RPAREN
    (47) expression -> . HASH WITH LPAREN param_list RPAREN FUNCARROW TYPE DO block DONE
    (83) expression -> . IDENTIFIER LPAREN RPAREN
    (84) expression -> . IDENTIFIER LPAREN param_call_list RPAREN
    (1) IDENTIFIER_EXPR -> . IDENTIFIER

    NUMBER          shift and go to state 31
    BOOLEAN         shift and go to state 32
    CHAR            shift and go to state 33
    STRING          shift and go to state 34
    LPAREN          shift and go to state 60
    NOT_BIT         shift and go to state 36
    NOT_BOOL        shift and go to state 37
    MINUS           shift and go to state 35
    IDENTIFIER      shift and go to state 63
    HASH            shift and go to state 18

    expression                     shift and go to state 102
    IDENTIFIER_EXPR                shift and go to state 30

state 54

    (20) expression -> expression GREATER_EQ . expression
    (2) expression -> . IDENTIFIER_EXPR
    (3) expression -> . NUMBER
    (4) expression -> . BOOLEAN
    (5) expression -> . CHAR
    (6) expression -> . STRING
    (7) expression -> . LPAREN expression RPAREN
    (8) expression -> . expression PLUS expression
    (9) expression -> . expression MINUS expression
    (10) expression -> . expression TIMES expression
    (11) expression -> . expression DIVIDE expression
    (12) expression -> . expression AND_BIT expression
    (13) expression -> . expression OR_BIT expression
    (14) expression -> . expression MOD expression
    (15) expression -> . expression XOR_BIT expression
    (16) expression -> . expression SMALLER expression
    (17) expression -> . expression GREATER expression
    (18) expression -> . expression EQUALS expression
    (19) expression -> . expression SMALLER_EQ expression
    (20) expression -> . expression GREATER_EQ expression
    (21) expression -> . expression NOT_EQ expression
    (22) expression -> . expression AND_BOOL expression
    (23) expression -> . expression OR_BOOL expression
    (24) expression -> . expression XOR_BOOL expression
    (25) expression -> . NOT_BIT expression
    (26) expression -> . NOT_BOOL expression
    (27) expression -> . MINUS expression
    (36) expression -> . IDENTIFIER LBRACKET INDEX RBRACKET
    (44) expression -> . IDENTIFIER DOT GET LPAREN INDEX RPAREN
    (47) expression -> . HASH WITH LPAREN param_list RPAREN FUNCARROW TYPE DO block DONE
    (83) expression -> . IDENTIFIER LPAREN RPAREN
    (84) expression -> . IDENTIFIER LPAREN param_call_list RPAREN
    (1) IDENTIFIER_EXPR -> . IDENTIFIER

    NUMBER          shift and go to state 31
    BOOLEAN         shift and go to state 32
    CHAR            shift and go to state 33
    STRING          shift and go to state 34
    LPAREN          shift and go to state 60
    NOT_BIT         shift and go to state 36
    NOT_BOOL        shift and go to state 37
    MINUS           shift and go to state 35
    IDENTIFIER      shift and go to state 63
    HASH            shift and go to state 18

    expression                     shift and go to state 103
    IDENTIFIER_EXPR                shift and go to state 30

state 55

    (21) expression -> expression NOT_EQ . expression
    (2) expression -> . IDENTIFIER_EXPR
    (3) expression -> . NUMBER
    (4) expression -> . BOOLEAN
    (5) expression -> . CHAR
    (6) expression -> . STRING
    (7) expression -> . LPAREN expression RPAREN
    (8) expression -> . expression PLUS expression
    (9) expression -> . expression MINUS expression
    (10) expression -> . expression TIMES expression
    (11) expression -> . expression DIVIDE expression
    (12) expression -> . expression AND_BIT expression
    (13) expression -> . expression OR_BIT expression
    (14) expression -> . expression MOD expression
    (15) expression -> . expression XOR_BIT expression
    (16) expression -> . expression SMALLER expression
    (17) expression -> . expression GREATER expression
    (18) expression -> . expression EQUALS expression
    (19) expression -> . expression SMALLER_EQ expression
    (20) expression -> . expression GREATER_EQ expression
    (21) expression -> . expression NOT_EQ expression
    (22) expression -> . expression AND_BOOL expression
    (23) expression -> . expression OR_BOOL expression
    (24) expression -> . expression XOR_BOOL expression
    (25) expression -> . NOT_BIT expression
    (26) expression -> . NOT_BOOL expression
    (27) expression -> . MINUS expression
    (36) expression -> . IDENTIFIER LBRACKET INDEX RBRACKET
    (44) expression -> . IDENTIFIER DOT GET LPAREN INDEX RPAREN
    (47) expression -> . HASH WITH LPAREN param_list RPAREN FUNCARROW TYPE DO block DONE
    (83) expression -> . IDENTIFIER LPAREN RPAREN
    (84) expression -> . IDENTIFIER LPAREN param_call_list RPAREN
    (1) IDENTIFIER_EXPR -> . IDENTIFIER

    NUMBER          shift and go to state 31
    BOOLEAN         shift and go to state 32
    CHAR            shift and go to state 33
    STRING          shift and go to state 34
    LPAREN          shift and go to state 60
    NOT_BIT         shift and go to state 36
    NOT_BOOL        shift and go to state 37
    MINUS           shift and go to state 35
    IDENTIFIER      shift and go to state 63
    HASH            shift and go to state 18

    expression                     shift and go to state 104
    IDENTIFIER_EXPR                shift and go to state 30

state 56

    (22) expression -> expression AND_BOOL . expression
    (2) expression -> . IDENTIFIER_EXPR
    (3) expression -> . NUMBER
    (4) expression -> . BOOLEAN
    (5) expression -> . CHAR
    (6) expression -> . STRING
    (7) expression -> . LPAREN expression RPAREN
    (8) expression -> . expression PLUS expression
    (9) expression -> . expression MINUS expression
    (10) expression -> . expression TIMES expression
    (11) expression -> . expression DIVIDE expression
    (12) expression -> . expression AND_BIT expression
    (13) expression -> . expression OR_BIT expression
    (14) expression -> . expression MOD expression
    (15) expression -> . expression XOR_BIT expression
    (16) expression -> . expression SMALLER expression
    (17) expression -> . expression GREATER expression
    (18) expression -> . expression EQUALS expression
    (19) expression -> . expression SMALLER_EQ expression
    (20) expression -> . expression GREATER_EQ expression
    (21) expression -> . expression NOT_EQ expression
    (22) expression -> . expression AND_BOOL expression
    (23) expression -> . expression OR_BOOL expression
    (24) expression -> . expression XOR_BOOL expression
    (25) expression -> . NOT_BIT expression
    (26) expression -> . NOT_BOOL expression
    (27) expression -> . MINUS expression
    (36) expression -> . IDENTIFIER LBRACKET INDEX RBRACKET
    (44) expression -> . IDENTIFIER DOT GET LPAREN INDEX RPAREN
    (47) expression -> . HASH WITH LPAREN param_list RPAREN FUNCARROW TYPE DO block DONE
    (83) expression -> . IDENTIFIER LPAREN RPAREN
    (84) expression -> . IDENTIFIER LPAREN param_call_list RPAREN
    (1) IDENTIFIER_EXPR -> . IDENTIFIER

    NUMBER          shift and go to state 31
    BOOLEAN         shift and go to state 32
    CHAR            shift and go to state 33
    STRING          shift and go to state 34
    LPAREN          shift and go to state 60
    NOT_BIT         shift and go to state 36
    NOT_BOOL        shift and go to state 37
    MINUS           shift and go to state 35
    IDENTIFIER      shift and go to state 63
    HASH            shift and go to state 18

    expression                     shift and go to state 105
    IDENTIFIER_EXPR                shift and go to state 30

state 57

    (23) expression -> expression OR_BOOL . expression
    (2) expression -> . IDENTIFIER_EXPR
    (3) expression -> . NUMBER
    (4) expression -> . BOOLEAN
    (5) expression -> . CHAR
    (6) expression -> . STRING
    (7) expression -> . LPAREN expression RPAREN
    (8) expression -> . expression PLUS expression
    (9) expression -> . expression MINUS expression
    (10) expression -> . expression TIMES expression
    (11) expression -> . expression DIVIDE expression
    (12) expression -> . expression AND_BIT expression
    (13) expression -> . expression OR_BIT expression
    (14) expression -> . expression MOD expression
    (15) expression -> . expression XOR_BIT expression
    (16) expression -> . expression SMALLER expression
    (17) expression -> . expression GREATER expression
    (18) expression -> . expression EQUALS expression
    (19) expression -> . expression SMALLER_EQ expression
    (20) expression -> . expression GREATER_EQ expression
    (21) expression -> . expression NOT_EQ expression
    (22) expression -> . expression AND_BOOL expression
    (23) expression -> . expression OR_BOOL expression
    (24) expression -> . expression XOR_BOOL expression
    (25) expression -> . NOT_BIT expression
    (26) expression -> . NOT_BOOL expression
    (27) expression -> . MINUS expression
    (36) expression -> . IDENTIFIER LBRACKET INDEX RBRACKET
    (44) expression -> . IDENTIFIER DOT GET LPAREN INDEX RPAREN
    (47) expression -> . HASH WITH LPAREN param_list RPAREN FUNCARROW TYPE DO block DONE
    (83) expression -> . IDENTIFIER LPAREN RPAREN
    (84) expression -> . IDENTIFIER LPAREN param_call_list RPAREN
    (1) IDENTIFIER_EXPR -> . IDENTIFIER

    NUMBER          shift and go to state 31
    BOOLEAN         shift and go to state 32
    CHAR            shift and go to state 33
    STRING          shift and go to state 34
    LPAREN          shift and go to state 60
    NOT_BIT         shift and go to state 36
    NOT_BOOL        shift and go to state 37
    MINUS           shift and go to state 35
    IDENTIFIER      shift and go to state 63
    HASH            shift and go to state 18

    expression                     shift and go to state 106
    IDENTIFIER_EXPR                shift and go to state 30

state 58

    (24) expression -> expression XOR_BOOL . expression
    (2) expression -> . IDENTIFIER_EXPR
    (3) expression -> . NUMBER
    (4) expression -> . BOOLEAN
    (5) expression -> . CHAR
    (6) expression -> . STRING
    (7) expression -> . LPAREN expression RPAREN
    (8) expression -> . expression PLUS expression
    (9) expression -> . expression MINUS expression
    (10) expression -> . expression TIMES expression
    (11) expression -> . expression DIVIDE expression
    (12) expression -> . expression AND_BIT expression
    (13) expression -> . expression OR_BIT expression
    (14) expression -> . expression MOD expression
    (15) expression -> . expression XOR_BIT expression
    (16) expression -> . expression SMALLER expression
    (17) expression -> . expression GREATER expression
    (18) expression -> . expression EQUALS expression
    (19) expression -> . expression SMALLER_EQ expression
    (20) expression -> . expression GREATER_EQ expression
    (21) expression -> . expression NOT_EQ expression
    (22) expression -> . expression AND_BOOL expression
    (23) expression -> . expression OR_BOOL expression
    (24) expression -> . expression XOR_BOOL expression
    (25) expression -> . NOT_BIT expression
    (26) expression -> . NOT_BOOL expression
    (27) expression -> . MINUS expression
    (36) expression -> . IDENTIFIER LBRACKET INDEX RBRACKET
    (44) expression -> . IDENTIFIER DOT GET LPAREN INDEX RPAREN
    (47) expression -> . HASH WITH LPAREN param_list RPAREN FUNCARROW TYPE DO block DONE
    (83) expression -> . IDENTIFIER LPAREN RPAREN
    (84) expression -> . IDENTIFIER LPAREN param_call_list RPAREN
    (1) IDENTIFIER_EXPR -> . IDENTIFIER

    NUMBER          shift and go to state 31
    BOOLEAN         shift and go to state 32
    CHAR            shift and go to state 33
    STRING          shift and go to state 34
    LPAREN          shift and go to state 60
    NOT_BIT         shift and go to state 36
    NOT_BOOL        shift and go to state 37
    MINUS           shift and go to state 35
    IDENTIFIER      shift and go to state 63
    HASH            shift and go to state 18

    expression                     shift and go to state 107
    IDENTIFIER_EXPR                shift and go to state 30

state 59

    (61) statement -> PRINT LPAREN . expression RPAREN
    (2) expression -> . IDENTIFIER_EXPR
    (3) expression -> . NUMBER
    (4) expression -> . BOOLEAN
    (5) expression -> . CHAR
    (6) expression -> . STRING
    (7) expression -> . LPAREN expression RPAREN
    (8) expression -> . expression PLUS expression
    (9) expression -> . expression MINUS expression
    (10) expression -> . expression TIMES expression
    (11) expression -> . expression DIVIDE expression
    (12) expression -> . expression AND_BIT expression
    (13) expression -> . expression OR_BIT expression
    (14) expression -> . expression MOD expression
    (15) expression -> . expression XOR_BIT expression
    (16) expression -> . expression SMALLER expression
    (17) expression -> . expression GREATER expression
    (18) expression -> . expression EQUALS expression
    (19) expression -> . expression SMALLER_EQ expression
    (20) expression -> . expression GREATER_EQ expression
    (21) expression -> . expression NOT_EQ expression
    (22) expression -> . expression AND_BOOL expression
    (23) expression -> . expression OR_BOOL expression
    (24) expression -> . expression XOR_BOOL expression
    (25) expression -> . NOT_BIT expression
    (26) expression -> . NOT_BOOL expression
    (27) expression -> . MINUS expression
    (36) expression -> . IDENTIFIER LBRACKET INDEX RBRACKET
    (44) expression -> . IDENTIFIER DOT GET LPAREN INDEX RPAREN
    (47) expression -> . HASH WITH LPAREN param_list RPAREN FUNCARROW TYPE DO block DONE
    (83) expression -> . IDENTIFIER LPAREN RPAREN
    (84) expression -> . IDENTIFIER LPAREN param_call_list RPAREN
    (1) IDENTIFIER_EXPR -> . IDENTIFIER

    NUMBER          shift and go to state 31
    BOOLEAN         shift and go to state 32
    CHAR            shift and go to state 33
    STRING          shift and go to state 34
    LPAREN          shift and go to state 60
    NOT_BIT         shift and go to state 36
    NOT_BOOL        shift and go to state 37
    MINUS           shift and go to state 35
    IDENTIFIER      shift and go to state 63
    HASH            shift and go to state 18

    expression                     shift and go to state 108
    IDENTIFIER_EXPR                shift and go to state 30

state 60

    (7) expression -> LPAREN . expression RPAREN
    (2) expression -> . IDENTIFIER_EXPR
    (3) expression -> . NUMBER
    (4) expression -> . BOOLEAN
    (5) expression -> . CHAR
    (6) expression -> . STRING
    (7) expression -> . LPAREN expression RPAREN
    (8) expression -> . expression PLUS expression
    (9) expression -> . expression MINUS expression
    (10) expression -> . expression TIMES expression
    (11) expression -> . expression DIVIDE expression
    (12) expression -> . expression AND_BIT expression
    (13) expression -> . expression OR_BIT expression
    (14) expression -> . expression MOD expression
    (15) expression -> . expression XOR_BIT expression
    (16) expression -> . expression SMALLER expression
    (17) expression -> . expression GREATER expression
    (18) expression -> . expression EQUALS expression
    (19) expression -> . expression SMALLER_EQ expression
    (20) expression -> . expression GREATER_EQ expression
    (21) expression -> . expression NOT_EQ expression
    (22) expression -> . expression AND_BOOL expression
    (23) expression -> . expression OR_BOOL expression
    (24) expression -> . expression XOR_BOOL expression
    (25) expression -> . NOT_BIT expression
    (26) expression -> . NOT_BOOL expression
    (27) expression -> . MINUS expression
    (36) expression -> . IDENTIFIER LBRACKET INDEX RBRACKET
    (44) expression -> . IDENTIFIER DOT GET LPAREN INDEX RPAREN
    (47) expression -> . HASH WITH LPAREN param_list RPAREN FUNCARROW TYPE DO block DONE
    (83) expression -> . IDENTIFIER LPAREN RPAREN
    (84) expression -> . IDENTIFIER LPAREN param_call_list RPAREN
    (1) IDENTIFIER_EXPR -> . IDENTIFIER

    NUMBER          shift and go to state 31
    BOOLEAN         shift and go to state 32
    CHAR            shift and go to state 33
    STRING          shift and go to state 34
    LPAREN          shift and go to state 60
    NOT_BIT         shift and go to state 36
    NOT_BOOL        shift and go to state 37
    MINUS           shift and go to state 35
    IDENTIFIER      shift and go to state 63
    HASH            shift and go to state 18

    expression                     shift and go to state 109
    IDENTIFIER_EXPR                shift and go to state 30

state 61

    (7) expression -> LPAREN expression . RPAREN
    (8) expression -> expression . PLUS expression
    (9) expression -> expression . MINUS expression
    (10) expression -> expression . TIMES expression
    (11) expression -> expression . DIVIDE expression
    (12) expression -> expression . AND_BIT expression
    (13) expression -> expression . OR_BIT expression
    (14) expression -> expression . MOD expression
    (15) expression -> expression . XOR_BIT expression
    (16) expression -> expression . SMALLER expression
    (17) expression -> expression . GREATER expression
    (18) expression -> expression . EQUALS expression
    (19) expression -> expression . SMALLER_EQ expression
    (20) expression -> expression . GREATER_EQ expression
    (21) expression -> expression . NOT_EQ expression
    (22) expression -> expression . AND_BOOL expression
    (23) expression -> expression . OR_BOOL expression
    (24) expression -> expression . XOR_BOOL expression
    (45) arg_list -> expression . COMMA arg_list
    (46) arg_list -> expression .

  ! shift/reduce conflict for RPAREN resolved as shift
    RPAREN          shift and go to state 110
    PLUS            shift and go to state 42
    MINUS           shift and go to state 43
    TIMES           shift and go to state 44
    DIVIDE          shift and go to state 45
    AND_BIT         shift and go to state 46
    OR_BIT          shift and go to state 47
    MOD             shift and go to state 48
    XOR_BIT         shift and go to state 49
    SMALLER         shift and go to state 50
    GREATER         shift and go to state 51
    EQUALS          shift and go to state 52
    SMALLER_EQ      shift and go to state 53
    GREATER_EQ      shift and go to state 54
    NOT_EQ          shift and go to state 55
    AND_BOOL        shift and go to state 56
    OR_BOOL         shift and go to state 57
    XOR_BOOL        shift and go to state 58
    COMMA           shift and go to state 111

  ! RPAREN          [ reduce using rule 46 (arg_list -> expression .) ]


state 62

    (43) list -> LPAREN arg_list . RPAREN

    RPAREN          shift and go to state 112


state 63

    (36) expression -> IDENTIFIER . LBRACKET INDEX RBRACKET
    (44) expression -> IDENTIFIER . DOT GET LPAREN INDEX RPAREN
    (83) expression -> IDENTIFIER . LPAREN RPAREN
    (84) expression -> IDENTIFIER . LPAREN param_call_list RPAREN
    (1) IDENTIFIER_EXPR -> IDENTIFIER .

    LBRACKET        shift and go to state 66
    DOT             shift and go to state 67
    LPAREN          shift and go to state 68
    RPAREN          reduce using rule 1 (IDENTIFIER_EXPR -> IDENTIFIER .)
    PLUS            reduce using rule 1 (IDENTIFIER_EXPR -> IDENTIFIER .)
    MINUS           reduce using rule 1 (IDENTIFIER_EXPR -> IDENTIFIER .)
    TIMES           reduce using rule 1 (IDENTIFIER_EXPR -> IDENTIFIER .)
    DIVIDE          reduce using rule 1 (IDENTIFIER_EXPR -> IDENTIFIER .)
    AND_BIT         reduce using rule 1 (IDENTIFIER_EXPR -> IDENTIFIER .)
    OR_BIT          reduce using rule 1 (IDENTIFIER_EXPR -> IDENTIFIER .)
    MOD             reduce using rule 1 (IDENTIFIER_EXPR -> IDENTIFIER .)
    XOR_BIT         reduce using rule 1 (IDENTIFIER_EXPR -> IDENTIFIER .)
    SMALLER         reduce using rule 1 (IDENTIFIER_EXPR -> IDENTIFIER .)
    GREATER         reduce using rule 1 (IDENTIFIER_EXPR -> IDENTIFIER .)
    EQUALS          reduce using rule 1 (IDENTIFIER_EXPR -> IDENTIFIER .)
    SMALLER_EQ      reduce using rule 1 (IDENTIFIER_EXPR -> IDENTIFIER .)
    GREATER_EQ      reduce using rule 1 (IDENTIFIER_EXPR -> IDENTIFIER .)
    NOT_EQ          reduce using rule 1 (IDENTIFIER_EXPR -> IDENTIFIER .)
    AND_BOOL        reduce using rule 1 (IDENTIFIER_EXPR -> IDENTIFIER .)
    OR_BOOL         reduce using rule 1 (IDENTIFIER_EXPR -> IDENTIFIER .)
    XOR_BOOL        reduce using rule 1 (IDENTIFIER_EXPR -> IDENTIFIER .)
    COMMA           reduce using rule 1 (IDENTIFIER_EXPR -> IDENTIFIER .)
    RBRACKET        reduce using rule 1 (IDENTIFIER_EXPR -> IDENTIFIER .)
    DO              reduce using rule 1 (IDENTIFIER_EXPR -> IDENTIFIER .)
    SEMICOLON       reduce using rule 1 (IDENTIFIER_EXPR -> IDENTIFIER .)
    RASSIGN         reduce using rule 1 (IDENTIFIER_EXPR -> IDENTIFIER .)


state 64

    (62) assign -> IDENTIFIER LASSIGN . expression
    (2) expression -> . IDENTIFIER_EXPR
    (3) expression -> . NUMBER
    (4) expression -> . BOOLEAN
    (5) expression -> . CHAR
    (6) expression -> . STRING
    (7) expression -> . LPAREN expression RPAREN
    (8) expression -> . expression PLUS expression
    (9) expression -> . expression MINUS expression
    (10) expression -> . expression TIMES expression
    (11) expression -> . expression DIVIDE expression
    (12) expression -> . expression AND_BIT expression
    (13) expression -> . expression OR_BIT expression
    (14) expression -> . expression MOD expression
    (15) expression -> . expression XOR_BIT expression
    (16) expression -> . expression SMALLER expression
    (17) expression -> . expression GREATER expression
    (18) expression -> . expression EQUALS expression
    (19) expression -> . expression SMALLER_EQ expression
    (20) expression -> . expression GREATER_EQ expression
    (21) expression -> . expression NOT_EQ expression
    (22) expression -> . expression AND_BOOL expression
    (23) expression -> . expression OR_BOOL expression
    (24) expression -> . expression XOR_BOOL expression
    (25) expression -> . NOT_BIT expression
    (26) expression -> . NOT_BOOL expression
    (27) expression -> . MINUS expression
    (36) expression -> . IDENTIFIER LBRACKET INDEX RBRACKET
    (44) expression -> . IDENTIFIER DOT GET LPAREN INDEX RPAREN
    (47) expression -> . HASH WITH LPAREN param_list RPAREN FUNCARROW TYPE DO block DONE
    (83) expression -> . IDENTIFIER LPAREN RPAREN
    (84) expression -> . IDENTIFIER LPAREN param_call_list RPAREN
    (1) IDENTIFIER_EXPR -> . IDENTIFIER

    NUMBER          shift and go to state 31
    BOOLEAN         shift and go to state 32
    CHAR            shift and go to state 33
    STRING          shift and go to state 34
    LPAREN          shift and go to state 60
    NOT_BIT         shift and go to state 36
    NOT_BOOL        shift and go to state 37
    MINUS           shift and go to state 35
    IDENTIFIER      shift and go to state 63
    HASH            shift and go to state 18

    expression                     shift and go to state 113
    IDENTIFIER_EXPR                shift and go to state 30

state 65

    (31) declaration -> IDENTIFIER HASH . LBRACKET size RBRACKET TYPE
    (41) declaration -> IDENTIFIER HASH . list_type_r
    (67) declaration -> IDENTIFIER HASH . TYPE
    (38) list_type_r -> . TYPE WITH LIST

    LBRACKET        shift and go to state 114
    TYPE            shift and go to state 115

    list_type_r                    shift and go to state 116

state 66

    (36) expression -> IDENTIFIER LBRACKET . INDEX RBRACKET

    INDEX           shift and go to state 117


state 67

    (44) expression -> IDENTIFIER DOT . GET LPAREN INDEX RPAREN

    GET             shift and go to state 118


state 68

    (83) expression -> IDENTIFIER LPAREN . RPAREN
    (84) expression -> IDENTIFIER LPAREN . param_call_list RPAREN
    (81) param_call_list -> . param_call_list COMMA expression
    (82) param_call_list -> . expression
    (2) expression -> . IDENTIFIER_EXPR
    (3) expression -> . NUMBER
    (4) expression -> . BOOLEAN
    (5) expression -> . CHAR
    (6) expression -> . STRING
    (7) expression -> . LPAREN expression RPAREN
    (8) expression -> . expression PLUS expression
    (9) expression -> . expression MINUS expression
    (10) expression -> . expression TIMES expression
    (11) expression -> . expression DIVIDE expression
    (12) expression -> . expression AND_BIT expression
    (13) expression -> . expression OR_BIT expression
    (14) expression -> . expression MOD expression
    (15) expression -> . expression XOR_BIT expression
    (16) expression -> . expression SMALLER expression
    (17) expression -> . expression GREATER expression
    (18) expression -> . expression EQUALS expression
    (19) expression -> . expression SMALLER_EQ expression
    (20) expression -> . expression GREATER_EQ expression
    (21) expression -> . expression NOT_EQ expression
    (22) expression -> . expression AND_BOOL expression
    (23) expression -> . expression OR_BOOL expression
    (24) expression -> . expression XOR_BOOL expression
    (25) expression -> . NOT_BIT expression
    (26) expression -> . NOT_BOOL expression
    (27) expression -> . MINUS expression
    (36) expression -> . IDENTIFIER LBRACKET INDEX RBRACKET
    (44) expression -> . IDENTIFIER DOT GET LPAREN INDEX RPAREN
    (47) expression -> . HASH WITH LPAREN param_list RPAREN FUNCARROW TYPE DO block DONE
    (83) expression -> . IDENTIFIER LPAREN RPAREN
    (84) expression -> . IDENTIFIER LPAREN param_call_list RPAREN
    (1) IDENTIFIER_EXPR -> . IDENTIFIER

    RPAREN          shift and go to state 119
    NUMBER          shift and go to state 31
    BOOLEAN         shift and go to state 32
    CHAR            shift and go to state 33
    STRING          shift and go to state 34
    LPAREN          shift and go to state 60
    NOT_BIT         shift and go to state 36
    NOT_BOOL        shift and go to state 37
    MINUS           shift and go to state 35
    IDENTIFIER      shift and go to state 63
    HASH            shift and go to state 18

    param_call_list                shift and go to state 120
    expression                     shift and go to state 121
    IDENTIFIER_EXPR                shift and go to state 30

state 69

    (28) declaration -> TYPE LBRACKET . size RBRACKET HASH IDENTIFIER LASSIGN array
    (29) declaration -> TYPE LBRACKET . size RBRACKET HASH IDENTIFIER
    (32) size -> . INDEX
    (33) size -> . empty
    (34) empty -> .

    INDEX           shift and go to state 123
    RBRACKET        reduce using rule 34 (empty -> .)

    size                           shift and go to state 122
    empty                          shift and go to state 124

state 70

    (64) declaration -> TYPE HASH . IDENTIFIER LASSIGN expression
    (66) declaration -> TYPE HASH . IDENTIFIER

    IDENTIFIER      shift and go to state 125


state 71

    (35) array -> LBRACKET arg_list . RBRACKET

    RBRACKET        shift and go to state 126


state 72

    (45) arg_list -> expression . COMMA arg_list
    (46) arg_list -> expression .
    (8) expression -> expression . PLUS expression
    (9) expression -> expression . MINUS expression
    (10) expression -> expression . TIMES expression
    (11) expression -> expression . DIVIDE expression
    (12) expression -> expression . AND_BIT expression
    (13) expression -> expression . OR_BIT expression
    (14) expression -> expression . MOD expression
    (15) expression -> expression . XOR_BIT expression
    (16) expression -> expression . SMALLER expression
    (17) expression -> expression . GREATER expression
    (18) expression -> expression . EQUALS expression
    (19) expression -> expression . SMALLER_EQ expression
    (20) expression -> expression . GREATER_EQ expression
    (21) expression -> expression . NOT_EQ expression
    (22) expression -> expression . AND_BOOL expression
    (23) expression -> expression . OR_BOOL expression
    (24) expression -> expression . XOR_BOOL expression

    COMMA           shift and go to state 111
    RBRACKET        reduce using rule 46 (arg_list -> expression .)
    RPAREN          reduce using rule 46 (arg_list -> expression .)
    PLUS            shift and go to state 42
    MINUS           shift and go to state 43
    TIMES           shift and go to state 44
    DIVIDE          shift and go to state 45
    AND_BIT         shift and go to state 46
    OR_BIT          shift and go to state 47
    MOD             shift and go to state 48
    XOR_BIT         shift and go to state 49
    SMALLER         shift and go to state 50
    GREATER         shift and go to state 51
    EQUALS          shift and go to state 52
    SMALLER_EQ      shift and go to state 53
    GREATER_EQ      shift and go to state 54
    NOT_EQ          shift and go to state 55
    AND_BOOL        shift and go to state 56
    OR_BOOL         shift and go to state 57
    XOR_BOOL        shift and go to state 58


state 73

    (47) expression -> HASH WITH . LPAREN param_list RPAREN FUNCARROW TYPE DO block DONE

    LPAREN          shift and go to state 127


state 74

    (30) declaration -> array RASSIGN . IDENTIFIER HASH LBRACKET size RBRACKET TYPE

    IDENTIFIER      shift and go to state 128


state 75

    (39) declaration -> list_type_l HASH . IDENTIFIER
    (40) declaration -> list_type_l HASH . IDENTIFIER LASSIGN list

    IDENTIFIER      shift and go to state 129


state 76

    (42) declaration -> list RASSIGN . IDENTIFIER HASH list_type_r

    IDENTIFIER      shift and go to state 130


state 77

    (68) condition -> IF expression . DO block DONE
    (69) condition -> IF expression . DO block ELSE DO block DONE
    (70) condition -> IF expression . DO block elif_list DONE
    (71) condition -> IF expression . DO block elif_list ELSE DO block DONE
    (8) expression -> expression . PLUS expression
    (9) expression -> expression . MINUS expression
    (10) expression -> expression . TIMES expression
    (11) expression -> expression . DIVIDE expression
    (12) expression -> expression . AND_BIT expression
    (13) expression -> expression . OR_BIT expression
    (14) expression -> expression . MOD expression
    (15) expression -> expression . XOR_BIT expression
    (16) expression -> expression . SMALLER expression
    (17) expression -> expression . GREATER expression
    (18) expression -> expression . EQUALS expression
    (19) expression -> expression . SMALLER_EQ expression
    (20) expression -> expression . GREATER_EQ expression
    (21) expression -> expression . NOT_EQ expression
    (22) expression -> expression . AND_BOOL expression
    (23) expression -> expression . OR_BOOL expression
    (24) expression -> expression . XOR_BOOL expression

    DO              shift and go to state 131
    PLUS            shift and go to state 42
    MINUS           shift and go to state 43
    TIMES           shift and go to state 44
    DIVIDE          shift and go to state 45
    AND_BIT         shift and go to state 46
    OR_BIT          shift and go to state 47
    MOD             shift and go to state 48
    XOR_BIT         shift and go to state 49
    SMALLER         shift and go to state 50
    GREATER         shift and go to state 51
    EQUALS          shift and go to state 52
    SMALLER_EQ      shift and go to state 53
    GREATER_EQ      shift and go to state 54
    NOT_EQ          shift and go to state 55
    AND_BOOL        shift and go to state 56
    OR_BOOL         shift and go to state 57
    XOR_BOOL        shift and go to state 58


state 78

    (76) iteration -> DO block . DONE UNTIL expression

    DONE            shift and go to state 132


state 79

    (58) block -> statement_list .
    (59) statement_list -> statement_list . statement SEMICOLON
    (48) statement -> . assign
    (49) statement -> . declaration
    (50) statement -> . condition
    (51) statement -> . iteration
    (52) statement -> . func_decl
    (53) statement -> . return
    (54) statement -> . ctn
    (55) statement -> . brk
    (56) statement -> . onbrk
    (57) statement -> . expression
    (61) statement -> . PRINT LPAREN expression RPAREN
    (62) assign -> . IDENTIFIER LASSIGN expression
    (63) assign -> . expression RASSIGN IDENTIFIER
    (28) declaration -> . TYPE LBRACKET size RBRACKET HASH IDENTIFIER LASSIGN array
    (29) declaration -> . TYPE LBRACKET size RBRACKET HASH IDENTIFIER
    (30) declaration -> . array RASSIGN IDENTIFIER HASH LBRACKET size RBRACKET TYPE
    (31) declaration -> . IDENTIFIER HASH LBRACKET size RBRACKET TYPE
    (39) declaration -> . list_type_l HASH IDENTIFIER
    (40) declaration -> . list_type_l HASH IDENTIFIER LASSIGN list
    (41) declaration -> . IDENTIFIER HASH list_type_r
    (42) declaration -> . list RASSIGN IDENTIFIER HASH list_type_r
    (64) declaration -> . TYPE HASH IDENTIFIER LASSIGN expression
    (65) declaration -> . expression RASSIGN IDENTIFIER HASH TYPE
    (66) declaration -> . TYPE HASH IDENTIFIER
    (67) declaration -> . IDENTIFIER HASH TYPE
    (68) condition -> . IF expression DO block DONE
    (69) condition -> . IF expression DO block ELSE DO block DONE
    (70) condition -> . IF expression DO block elif_list DONE
    (71) condition -> . IF expression DO block elif_list ELSE DO block DONE
    (75) iteration -> . UNTIL expression DO block DONE
    (76) iteration -> . DO block DONE UNTIL expression
    (77) func_decl -> . FUNC HASH IDENTIFIER LASSIGN WITH LPAREN param_list RPAREN FUNCARROW TYPE DO block DONE
    (85) return -> . RETURN expression
    (86) ctn -> . CONTINUE
    (87) brk -> . BREAK
    (88) onbrk -> . ONBREAK statement
    (2) expression -> . IDENTIFIER_EXPR
    (3) expression -> . NUMBER
    (4) expression -> . BOOLEAN
    (5) expression -> . CHAR
    (6) expression -> . STRING
    (7) expression -> . LPAREN expression RPAREN
    (8) expression -> . expression PLUS expression
    (9) expression -> . expression MINUS expression
    (10) expression -> . expression TIMES expression
    (11) expression -> . expression DIVIDE expression
    (12) expression -> . expression AND_BIT expression
    (13) expression -> . expression OR_BIT expression
    (14) expression -> . expression MOD expression
    (15) expression -> . expression XOR_BIT expression
    (16) expression -> . expression SMALLER expression
    (17) expression -> . expression GREATER expression
    (18) expression -> . expression EQUALS expression
    (19) expression -> . expression SMALLER_EQ expression
    (20) expression -> . expression GREATER_EQ expression
    (21) expression -> . expression NOT_EQ expression
    (22) expression -> . expression AND_BOOL expression
    (23) expression -> . expression OR_BOOL expression
    (24) expression -> . expression XOR_BOOL expression
    (25) expression -> . NOT_BIT expression
    (26) expression -> . NOT_BOOL expression
    (27) expression -> . MINUS expression
    (36) expression -> . IDENTIFIER LBRACKET INDEX RBRACKET
    (44) expression -> . IDENTIFIER DOT GET LPAREN INDEX RPAREN
    (47) expression -> . HASH WITH LPAREN param_list RPAREN FUNCARROW TYPE DO block DONE
    (83) expression -> . IDENTIFIER LPAREN RPAREN
    (84) expression -> . IDENTIFIER LPAREN param_call_list RPAREN
    (35) array -> . LBRACKET arg_list RBRACKET
    (37) list_type_l -> . LIST WITH TYPE
    (43) list -> . LPAREN arg_list RPAREN
    (1) IDENTIFIER_EXPR -> . IDENTIFIER

    DONE            reduce using rule 58 (block -> statement_list .)
    ELSE            reduce using rule 58 (block -> statement_list .)
    ELIF            reduce using rule 58 (block -> statement_list .)
    PRINT           shift and go to state 13
    IDENTIFIER      shift and go to state 15
    TYPE            shift and go to state 16
    IF              shift and go to state 22
    UNTIL           shift and go to state 24
    DO              shift and go to state 23
    FUNC            shift and go to state 25
    RETURN          shift and go to state 26
    CONTINUE        shift and go to state 27
    BREAK           shift and go to state 28
    ONBREAK         shift and go to state 29
    NUMBER          shift and go to state 31
    BOOLEAN         shift and go to state 32
    CHAR            shift and go to state 33
    STRING          shift and go to state 34
    LPAREN          shift and go to state 14
    NOT_BIT         shift and go to state 36
    NOT_BOOL        shift and go to state 37
    MINUS           shift and go to state 35
    HASH            shift and go to state 18
    LBRACKET        shift and go to state 17
    LIST            shift and go to state 38

    statement                      shift and go to state 133
    assign                         shift and go to state 3
    declaration                    shift and go to state 4
    condition                      shift and go to state 5
    iteration                      shift and go to state 6
    func_decl                      shift and go to state 7
    return                         shift and go to state 8
    ctn                            shift and go to state 9
    brk                            shift and go to state 10
    onbrk                          shift and go to state 11
    expression                     shift and go to state 12
    array                          shift and go to state 19
    list_type_l                    shift and go to state 20
    list                           shift and go to state 21
    IDENTIFIER_EXPR                shift and go to state 30

state 80

    (60) statement_list -> statement . SEMICOLON

    SEMICOLON       shift and go to state 134


state 81

    (75) iteration -> UNTIL expression . DO block DONE
    (8) expression -> expression . PLUS expression
    (9) expression -> expression . MINUS expression
    (10) expression -> expression . TIMES expression
    (11) expression -> expression . DIVIDE expression
    (12) expression -> expression . AND_BIT expression
    (13) expression -> expression . OR_BIT expression
    (14) expression -> expression . MOD expression
    (15) expression -> expression . XOR_BIT expression
    (16) expression -> expression . SMALLER expression
    (17) expression -> expression . GREATER expression
    (18) expression -> expression . EQUALS expression
    (19) expression -> expression . SMALLER_EQ expression
    (20) expression -> expression . GREATER_EQ expression
    (21) expression -> expression . NOT_EQ expression
    (22) expression -> expression . AND_BOOL expression
    (23) expression -> expression . OR_BOOL expression
    (24) expression -> expression . XOR_BOOL expression

    DO              shift and go to state 135
    PLUS            shift and go to state 42
    MINUS           shift and go to state 43
    TIMES           shift and go to state 44
    DIVIDE          shift and go to state 45
    AND_BIT         shift and go to state 46
    OR_BIT          shift and go to state 47
    MOD             shift and go to state 48
    XOR_BIT         shift and go to state 49
    SMALLER         shift and go to state 50
    GREATER         shift and go to state 51
    EQUALS          shift and go to state 52
    SMALLER_EQ      shift and go to state 53
    GREATER_EQ      shift and go to state 54
    NOT_EQ          shift and go to state 55
    AND_BOOL        shift and go to state 56
    OR_BOOL         shift and go to state 57
    XOR_BOOL        shift and go to state 58


state 82

    (77) func_decl -> FUNC HASH . IDENTIFIER LASSIGN WITH LPAREN param_list RPAREN FUNCARROW TYPE DO block DONE

    IDENTIFIER      shift and go to state 136


state 83

    (85) return -> RETURN expression .
    (8) expression -> expression . PLUS expression
    (9) expression -> expression . MINUS expression
    (10) expression -> expression . TIMES expression
    (11) expression -> expression . DIVIDE expression
    (12) expression -> expression . AND_BIT expression
    (13) expression -> expression . OR_BIT expression
    (14) expression -> expression . MOD expression
    (15) expression -> expression . XOR_BIT expression
    (16) expression -> expression . SMALLER expression
    (17) expression -> expression . GREATER expression
    (18) expression -> expression . EQUALS expression
    (19) expression -> expression . SMALLER_EQ expression
    (20) expression -> expression . GREATER_EQ expression
    (21) expression -> expression . NOT_EQ expression
    (22) expression -> expression . AND_BOOL expression
    (23) expression -> expression . OR_BOOL expression
    (24) expression -> expression . XOR_BOOL expression

    SEMICOLON       reduce using rule 85 (return -> RETURN expression .)
    PLUS            shift and go to state 42
    MINUS           shift and go to state 43
    TIMES           shift and go to state 44
    DIVIDE          shift and go to state 45
    AND_BIT         shift and go to state 46
    OR_BIT          shift and go to state 47
    MOD             shift and go to state 48
    XOR_BIT         shift and go to state 49
    SMALLER         shift and go to state 50
    GREATER         shift and go to state 51
    EQUALS          shift and go to state 52
    SMALLER_EQ      shift and go to state 53
    GREATER_EQ      shift and go to state 54
    NOT_EQ          shift and go to state 55
    AND_BOOL        shift and go to state 56
    OR_BOOL         shift and go to state 57
    XOR_BOOL        shift and go to state 58


state 84

    (88) onbrk -> ONBREAK statement .

    SEMICOLON       reduce using rule 88 (onbrk -> ONBREAK statement .)


state 85

    (27) expression -> MINUS expression .
    (8) expression -> expression . PLUS expression
    (9) expression -> expression . MINUS expression
    (10) expression -> expression . TIMES expression
    (11) expression -> expression . DIVIDE expression
    (12) expression -> expression . AND_BIT expression
    (13) expression -> expression . OR_BIT expression
    (14) expression -> expression . MOD expression
    (15) expression -> expression . XOR_BIT expression
    (16) expression -> expression . SMALLER expression
    (17) expression -> expression . GREATER expression
    (18) expression -> expression . EQUALS expression
    (19) expression -> expression . SMALLER_EQ expression
    (20) expression -> expression . GREATER_EQ expression
    (21) expression -> expression . NOT_EQ expression
    (22) expression -> expression . AND_BOOL expression
    (23) expression -> expression . OR_BOOL expression
    (24) expression -> expression . XOR_BOOL expression

    RASSIGN         reduce using rule 27 (expression -> MINUS expression .)
    PLUS            reduce using rule 27 (expression -> MINUS expression .)
    MINUS           reduce using rule 27 (expression -> MINUS expression .)
    SEMICOLON       reduce using rule 27 (expression -> MINUS expression .)
    RPAREN          reduce using rule 27 (expression -> MINUS expression .)
    COMMA           reduce using rule 27 (expression -> MINUS expression .)
    RBRACKET        reduce using rule 27 (expression -> MINUS expression .)
    DO              reduce using rule 27 (expression -> MINUS expression .)
    TIMES           shift and go to state 44
    DIVIDE          shift and go to state 45
    AND_BIT         shift and go to state 46
    OR_BIT          shift and go to state 47
    MOD             shift and go to state 48
    XOR_BIT         shift and go to state 49
    SMALLER         shift and go to state 50
    GREATER         shift and go to state 51
    EQUALS          shift and go to state 52
    SMALLER_EQ      shift and go to state 53
    GREATER_EQ      shift and go to state 54
    NOT_EQ          shift and go to state 55
    AND_BOOL        shift and go to state 56
    OR_BOOL         shift and go to state 57
    XOR_BOOL        shift and go to state 58

  ! TIMES           [ reduce using rule 27 (expression -> MINUS expression .) ]
  ! DIVIDE          [ reduce using rule 27 (expression -> MINUS expression .) ]
  ! AND_BIT         [ reduce using rule 27 (expression -> MINUS expression .) ]
  ! OR_BIT          [ reduce using rule 27 (expression -> MINUS expression .) ]
  ! MOD             [ reduce using rule 27 (expression -> MINUS expression .) ]
  ! XOR_BIT         [ reduce using rule 27 (expression -> MINUS expression .) ]
  ! SMALLER         [ reduce using rule 27 (expression -> MINUS expression .) ]
  ! GREATER         [ reduce using rule 27 (expression -> MINUS expression .) ]
  ! EQUALS          [ reduce using rule 27 (expression -> MINUS expression .) ]
  ! SMALLER_EQ      [ reduce using rule 27 (expression -> MINUS expression .) ]
  ! GREATER_EQ      [ reduce using rule 27 (expression -> MINUS expression .) ]
  ! NOT_EQ          [ reduce using rule 27 (expression -> MINUS expression .) ]
  ! AND_BOOL        [ reduce using rule 27 (expression -> MINUS expression .) ]
  ! OR_BOOL         [ reduce using rule 27 (expression -> MINUS expression .) ]
  ! XOR_BOOL        [ reduce using rule 27 (expression -> MINUS expression .) ]
  ! PLUS            [ shift and go to state 42 ]
  ! MINUS           [ shift and go to state 43 ]


state 86

    (25) expression -> NOT_BIT expression .
    (8) expression -> expression . PLUS expression
    (9) expression -> expression . MINUS expression
    (10) expression -> expression . TIMES expression
    (11) expression -> expression . DIVIDE expression
    (12) expression -> expression . AND_BIT expression
    (13) expression -> expression . OR_BIT expression
    (14) expression -> expression . MOD expression
    (15) expression -> expression . XOR_BIT expression
    (16) expression -> expression . SMALLER expression
    (17) expression -> expression . GREATER expression
    (18) expression -> expression . EQUALS expression
    (19) expression -> expression . SMALLER_EQ expression
    (20) expression -> expression . GREATER_EQ expression
    (21) expression -> expression . NOT_EQ expression
    (22) expression -> expression . AND_BOOL expression
    (23) expression -> expression . OR_BOOL expression
    (24) expression -> expression . XOR_BOOL expression

    RASSIGN         reduce using rule 25 (expression -> NOT_BIT expression .)
    PLUS            reduce using rule 25 (expression -> NOT_BIT expression .)
    MINUS           reduce using rule 25 (expression -> NOT_BIT expression .)
    TIMES           reduce using rule 25 (expression -> NOT_BIT expression .)
    DIVIDE          reduce using rule 25 (expression -> NOT_BIT expression .)
    AND_BIT         reduce using rule 25 (expression -> NOT_BIT expression .)
    OR_BIT          reduce using rule 25 (expression -> NOT_BIT expression .)
    MOD             reduce using rule 25 (expression -> NOT_BIT expression .)
    XOR_BIT         reduce using rule 25 (expression -> NOT_BIT expression .)
    AND_BOOL        reduce using rule 25 (expression -> NOT_BIT expression .)
    OR_BOOL         reduce using rule 25 (expression -> NOT_BIT expression .)
    XOR_BOOL        reduce using rule 25 (expression -> NOT_BIT expression .)
    SEMICOLON       reduce using rule 25 (expression -> NOT_BIT expression .)
    RPAREN          reduce using rule 25 (expression -> NOT_BIT expression .)
    COMMA           reduce using rule 25 (expression -> NOT_BIT expression .)
    RBRACKET        reduce using rule 25 (expression -> NOT_BIT expression .)
    DO              reduce using rule 25 (expression -> NOT_BIT expression .)
    SMALLER         shift and go to state 50
    GREATER         shift and go to state 51
    EQUALS          shift and go to state 52
    SMALLER_EQ      shift and go to state 53
    GREATER_EQ      shift and go to state 54
    NOT_EQ          shift and go to state 55

  ! SMALLER         [ reduce using rule 25 (expression -> NOT_BIT expression .) ]
  ! GREATER         [ reduce using rule 25 (expression -> NOT_BIT expression .) ]
  ! EQUALS          [ reduce using rule 25 (expression -> NOT_BIT expression .) ]
  ! SMALLER_EQ      [ reduce using rule 25 (expression -> NOT_BIT expression .) ]
  ! GREATER_EQ      [ reduce using rule 25 (expression -> NOT_BIT expression .) ]
  ! NOT_EQ          [ reduce using rule 25 (expression -> NOT_BIT expression .) ]
  ! PLUS            [ shift and go to state 42 ]
  ! MINUS           [ shift and go to state 43 ]
  ! TIMES           [ shift and go to state 44 ]
  ! DIVIDE          [ shift and go to state 45 ]
  ! AND_BIT         [ shift and go to state 46 ]
  ! OR_BIT          [ shift and go to state 47 ]
  ! MOD             [ shift and go to state 48 ]
  ! XOR_BIT         [ shift and go to state 49 ]
  ! AND_BOOL        [ shift and go to state 56 ]
  ! OR_BOOL         [ shift and go to state 57 ]
  ! XOR_BOOL        [ shift and go to state 58 ]


state 87

    (26) expression -> NOT_BOOL expression .
    (8) expression -> expression . PLUS expression
    (9) expression -> expression . MINUS expression
    (10) expression -> expression . TIMES expression
    (11) expression -> expression . DIVIDE expression
    (12) expression -> expression . AND_BIT expression
    (13) expression -> expression . OR_BIT expression
    (14) expression -> expression . MOD expression
    (15) expression -> expression . XOR_BIT expression
    (16) expression -> expression . SMALLER expression
    (17) expression -> expression . GREATER expression
    (18) expression -> expression . EQUALS expression
    (19) expression -> expression . SMALLER_EQ expression
    (20) expression -> expression . GREATER_EQ expression
    (21) expression -> expression . NOT_EQ expression
    (22) expression -> expression . AND_BOOL expression
    (23) expression -> expression . OR_BOOL expression
    (24) expression -> expression . XOR_BOOL expression

    RASSIGN         reduce using rule 26 (expression -> NOT_BOOL expression .)
    PLUS            reduce using rule 26 (expression -> NOT_BOOL expression .)
    MINUS           reduce using rule 26 (expression -> NOT_BOOL expression .)
    TIMES           reduce using rule 26 (expression -> NOT_BOOL expression .)
    DIVIDE          reduce using rule 26 (expression -> NOT_BOOL expression .)
    AND_BIT         reduce using rule 26 (expression -> NOT_BOOL expression .)
    OR_BIT          reduce using rule 26 (expression -> NOT_BOOL expression .)
    MOD             reduce using rule 26 (expression -> NOT_BOOL expression .)
    XOR_BIT         reduce using rule 26 (expression -> NOT_BOOL expression .)
    AND_BOOL        reduce using rule 26 (expression -> NOT_BOOL expression .)
    OR_BOOL         reduce using rule 26 (expression -> NOT_BOOL expression .)
    XOR_BOOL        reduce using rule 26 (expression -> NOT_BOOL expression .)
    SEMICOLON       reduce using rule 26 (expression -> NOT_BOOL expression .)
    RPAREN          reduce using rule 26 (expression -> NOT_BOOL expression .)
    COMMA           reduce using rule 26 (expression -> NOT_BOOL expression .)
    RBRACKET        reduce using rule 26 (expression -> NOT_BOOL expression .)
    DO              reduce using rule 26 (expression -> NOT_BOOL expression .)
    SMALLER         shift and go to state 50
    GREATER         shift and go to state 51
    EQUALS          shift and go to state 52
    SMALLER_EQ      shift and go to state 53
    GREATER_EQ      shift and go to state 54
    NOT_EQ          shift and go to state 55

  ! SMALLER         [ reduce using rule 26 (expression -> NOT_BOOL expression .) ]
  ! GREATER         [ reduce using rule 26 (expression -> NOT_BOOL expression .) ]
  ! EQUALS          [ reduce using rule 26 (expression -> NOT_BOOL expression .) ]
  ! SMALLER_EQ      [ reduce using rule 26 (expression -> NOT_BOOL expression .) ]
  ! GREATER_EQ      [ reduce using rule 26 (expression -> NOT_BOOL expression .) ]
  ! NOT_EQ          [ reduce using rule 26 (expression -> NOT_BOOL expression .) ]
  ! PLUS            [ shift and go to state 42 ]
  ! MINUS           [ shift and go to state 43 ]
  ! TIMES           [ shift and go to state 44 ]
  ! DIVIDE          [ shift and go to state 45 ]
  ! AND_BIT         [ shift and go to state 46 ]
  ! OR_BIT          [ shift and go to state 47 ]
  ! MOD             [ shift and go to state 48 ]
  ! XOR_BIT         [ shift and go to state 49 ]
  ! AND_BOOL        [ shift and go to state 56 ]
  ! OR_BOOL         [ shift and go to state 57 ]
  ! XOR_BOOL        [ shift and go to state 58 ]


state 88

    (37) list_type_l -> LIST WITH . TYPE

    TYPE            shift and go to state 137


state 89

    (89) program -> program statement SEMICOLON .

    PRINT           reduce using rule 89 (program -> program statement SEMICOLON .)
    IDENTIFIER      reduce using rule 89 (program -> program statement SEMICOLON .)
    TYPE            reduce using rule 89 (program -> program statement SEMICOLON .)
    IF              reduce using rule 89 (program -> program statement SEMICOLON .)
    UNTIL           reduce using rule 89 (program -> program statement SEMICOLON .)
    DO              reduce using rule 89 (program -> program statement SEMICOLON .)
    FUNC            reduce using rule 89 (program -> program statement SEMICOLON .)
    RETURN          reduce using rule 89 (program -> program statement SEMICOLON .)
    CONTINUE        reduce using rule 89 (program -> program statement SEMICOLON .)
    BREAK           reduce using rule 89 (program -> program statement SEMICOLON .)
    ONBREAK         reduce using rule 89 (program -> program statement SEMICOLON .)
    NUMBER          reduce using rule 89 (program -> program statement SEMICOLON .)
    BOOLEAN         reduce using rule 89 (program -> program statement SEMICOLON .)
    CHAR            reduce using rule 89 (program -> program statement SEMICOLON .)
    STRING          reduce using rule 89 (program -> program statement SEMICOLON .)
    LPAREN          reduce using rule 89 (program -> program statement SEMICOLON .)
    NOT_BIT         reduce using rule 89 (program -> program statement SEMICOLON .)
    NOT_BOOL        reduce using rule 89 (program -> program statement SEMICOLON .)
    MINUS           reduce using rule 89 (program -> program statement SEMICOLON .)
    HASH            reduce using rule 89 (program -> program statement SEMICOLON .)
    LBRACKET        reduce using rule 89 (program -> program statement SEMICOLON .)
    LIST            reduce using rule 89 (program -> program statement SEMICOLON .)
    $end            reduce using rule 89 (program -> program statement SEMICOLON .)


state 90

    (63) assign -> expression RASSIGN IDENTIFIER .
    (65) declaration -> expression RASSIGN IDENTIFIER . HASH TYPE

    SEMICOLON       reduce using rule 63 (assign -> expression RASSIGN IDENTIFIER .)
    HASH            shift and go to state 138


state 91

    (8) expression -> expression PLUS expression .
    (8) expression -> expression . PLUS expression
    (9) expression -> expression . MINUS expression
    (10) expression -> expression . TIMES expression
    (11) expression -> expression . DIVIDE expression
    (12) expression -> expression . AND_BIT expression
    (13) expression -> expression . OR_BIT expression
    (14) expression -> expression . MOD expression
    (15) expression -> expression . XOR_BIT expression
    (16) expression -> expression . SMALLER expression
    (17) expression -> expression . GREATER expression
    (18) expression -> expression . EQUALS expression
    (19) expression -> expression . SMALLER_EQ expression
    (20) expression -> expression . GREATER_EQ expression
    (21) expression -> expression . NOT_EQ expression
    (22) expression -> expression . AND_BOOL expression
    (23) expression -> expression . OR_BOOL expression
    (24) expression -> expression . XOR_BOOL expression

    RASSIGN         reduce using rule 8 (expression -> expression PLUS expression .)
    PLUS            reduce using rule 8 (expression -> expression PLUS expression .)
    MINUS           reduce using rule 8 (expression -> expression PLUS expression .)
    SEMICOLON       reduce using rule 8 (expression -> expression PLUS expression .)
    RPAREN          reduce using rule 8 (expression -> expression PLUS expression .)
    COMMA           reduce using rule 8 (expression -> expression PLUS expression .)
    RBRACKET        reduce using rule 8 (expression -> expression PLUS expression .)
    DO              reduce using rule 8 (expression -> expression PLUS expression .)
    TIMES           shift and go to state 44
    DIVIDE          shift and go to state 45
    AND_BIT         shift and go to state 46
    OR_BIT          shift and go to state 47
    MOD             shift and go to state 48
    XOR_BIT         shift and go to state 49
    SMALLER         shift and go to state 50
    GREATER         shift and go to state 51
    EQUALS          shift and go to state 52
    SMALLER_EQ      shift and go to state 53
    GREATER_EQ      shift and go to state 54
    NOT_EQ          shift and go to state 55
    AND_BOOL        shift and go to state 56
    OR_BOOL         shift and go to state 57
    XOR_BOOL        shift and go to state 58

  ! TIMES           [ reduce using rule 8 (expression -> expression PLUS expression .) ]
  ! DIVIDE          [ reduce using rule 8 (expression -> expression PLUS expression .) ]
  ! AND_BIT         [ reduce using rule 8 (expression -> expression PLUS expression .) ]
  ! OR_BIT          [ reduce using rule 8 (expression -> expression PLUS expression .) ]
  ! MOD             [ reduce using rule 8 (expression -> expression PLUS expression .) ]
  ! XOR_BIT         [ reduce using rule 8 (expression -> expression PLUS expression .) ]
  ! SMALLER         [ reduce using rule 8 (expression -> expression PLUS expression .) ]
  ! GREATER         [ reduce using rule 8 (expression -> expression PLUS expression .) ]
  ! EQUALS          [ reduce using rule 8 (expression -> expression PLUS expression .) ]
  ! SMALLER_EQ      [ reduce using rule 8 (expression -> expression PLUS expression .) ]
  ! GREATER_EQ      [ reduce using rule 8 (expression -> expression PLUS expression .) ]
  ! NOT_EQ          [ reduce using rule 8 (expression -> expression PLUS expression .) ]
  ! AND_BOOL        [ reduce using rule 8 (expression -> expression PLUS expression .) ]
  ! OR_BOOL         [ reduce using rule 8 (expression -> expression PLUS expression .) ]
  ! XOR_BOOL        [ reduce using rule 8 (expression -> expression PLUS expression .) ]
  ! PLUS            [ shift and go to state 42 ]
  ! MINUS           [ shift and go to state 43 ]


state 92

    (9) expression -> expression MINUS expression .
    (8) expression -> expression . PLUS expression
    (9) expression -> expression . MINUS expression
    (10) expression -> expression . TIMES expression
    (11) expression -> expression . DIVIDE expression
    (12) expression -> expression . AND_BIT expression
    (13) expression -> expression . OR_BIT expression
    (14) expression -> expression . MOD expression
    (15) expression -> expression . XOR_BIT expression
    (16) expression -> expression . SMALLER expression
    (17) expression -> expression . GREATER expression
    (18) expression -> expression . EQUALS expression
    (19) expression -> expression . SMALLER_EQ expression
    (20) expression -> expression . GREATER_EQ expression
    (21) expression -> expression . NOT_EQ expression
    (22) expression -> expression . AND_BOOL expression
    (23) expression -> expression . OR_BOOL expression
    (24) expression -> expression . XOR_BOOL expression

    RASSIGN         reduce using rule 9 (expression -> expression MINUS expression .)
    PLUS            reduce using rule 9 (expression -> expression MINUS expression .)
    MINUS           reduce using rule 9 (expression -> expression MINUS expression .)
    SEMICOLON       reduce using rule 9 (expression -> expression MINUS expression .)
    RPAREN          reduce using rule 9 (expression -> expression MINUS expression .)
    COMMA           reduce using rule 9 (expression -> expression MINUS expression .)
    RBRACKET        reduce using rule 9 (expression -> expression MINUS expression .)
    DO              reduce using rule 9 (expression -> expression MINUS expression .)
    TIMES           shift and go to state 44
    DIVIDE          shift and go to state 45
    AND_BIT         shift and go to state 46
    OR_BIT          shift and go to state 47
    MOD             shift and go to state 48
    XOR_BIT         shift and go to state 49
    SMALLER         shift and go to state 50
    GREATER         shift and go to state 51
    EQUALS          shift and go to state 52
    SMALLER_EQ      shift and go to state 53
    GREATER_EQ      shift and go to state 54
    NOT_EQ          shift and go to state 55
    AND_BOOL        shift and go to state 56
    OR_BOOL         shift and go to state 57
    XOR_BOOL        shift and go to state 58

  ! TIMES           [ reduce using rule 9 (expression -> expression MINUS expression .) ]
  ! DIVIDE          [ reduce using rule 9 (expression -> expression MINUS expression .) ]
  ! AND_BIT         [ reduce using rule 9 (expression -> expression MINUS expression .) ]
  ! OR_BIT          [ reduce using rule 9 (expression -> expression MINUS expression .) ]
  ! MOD             [ reduce using rule 9 (expression -> expression MINUS expression .) ]
  ! XOR_BIT         [ reduce using rule 9 (expression -> expression MINUS expression .) ]
  ! SMALLER         [ reduce using rule 9 (expression -> expression MINUS expression .) ]
  ! GREATER         [ reduce using rule 9 (expression -> expression MINUS expression .) ]
  ! EQUALS          [ reduce using rule 9 (expression -> expression MINUS expression .) ]
  ! SMALLER_EQ      [ reduce using rule 9 (expression -> expression MINUS expression .) ]
  ! GREATER_EQ      [ reduce using rule 9 (expression -> expression MINUS expression .) ]
  ! NOT_EQ          [ reduce using rule 9 (expression -> expression MINUS expression .) ]
  ! AND_BOOL        [ reduce using rule 9 (expression -> expression MINUS expression .) ]
  ! OR_BOOL         [ reduce using rule 9 (expression -> expression MINUS expression .) ]
  ! XOR_BOOL        [ reduce using rule 9 (expression -> expression MINUS expression .) ]
  ! PLUS            [ shift and go to state 42 ]
  ! MINUS           [ shift and go to state 43 ]


state 93

    (10) expression -> expression TIMES expression .
    (8) expression -> expression . PLUS expression
    (9) expression -> expression . MINUS expression
    (10) expression -> expression . TIMES expression
    (11) expression -> expression . DIVIDE expression
    (12) expression -> expression . AND_BIT expression
    (13) expression -> expression . OR_BIT expression
    (14) expression -> expression . MOD expression
    (15) expression -> expression . XOR_BIT expression
    (16) expression -> expression . SMALLER expression
    (17) expression -> expression . GREATER expression
    (18) expression -> expression . EQUALS expression
    (19) expression -> expression . SMALLER_EQ expression
    (20) expression -> expression . GREATER_EQ expression
    (21) expression -> expression . NOT_EQ expression
    (22) expression -> expression . AND_BOOL expression
    (23) expression -> expression . OR_BOOL expression
    (24) expression -> expression . XOR_BOOL expression

    RASSIGN         reduce using rule 10 (expression -> expression TIMES expression .)
    PLUS            reduce using rule 10 (expression -> expression TIMES expression .)
    MINUS           reduce using rule 10 (expression -> expression TIMES expression .)
    TIMES           reduce using rule 10 (expression -> expression TIMES expression .)
    DIVIDE          reduce using rule 10 (expression -> expression TIMES expression .)
    AND_BIT         reduce using rule 10 (expression -> expression TIMES expression .)
    OR_BIT          reduce using rule 10 (expression -> expression TIMES expression .)
    MOD             reduce using rule 10 (expression -> expression TIMES expression .)
    XOR_BIT         reduce using rule 10 (expression -> expression TIMES expression .)
    AND_BOOL        reduce using rule 10 (expression -> expression TIMES expression .)
    OR_BOOL         reduce using rule 10 (expression -> expression TIMES expression .)
    XOR_BOOL        reduce using rule 10 (expression -> expression TIMES expression .)
    SEMICOLON       reduce using rule 10 (expression -> expression TIMES expression .)
    RPAREN          reduce using rule 10 (expression -> expression TIMES expression .)
    COMMA           reduce using rule 10 (expression -> expression TIMES expression .)
    RBRACKET        reduce using rule 10 (expression -> expression TIMES expression .)
    DO              reduce using rule 10 (expression -> expression TIMES expression .)
    SMALLER         shift and go to state 50
    GREATER         shift and go to state 51
    EQUALS          shift and go to state 52
    SMALLER_EQ      shift and go to state 53
    GREATER_EQ      shift and go to state 54
    NOT_EQ          shift and go to state 55

  ! SMALLER         [ reduce using rule 10 (expression -> expression TIMES expression .) ]
  ! GREATER         [ reduce using rule 10 (expression -> expression TIMES expression .) ]
  ! EQUALS          [ reduce using rule 10 (expression -> expression TIMES expression .) ]
  ! SMALLER_EQ      [ reduce using rule 10 (expression -> expression TIMES expression .) ]
  ! GREATER_EQ      [ reduce using rule 10 (expression -> expression TIMES expression .) ]
  ! NOT_EQ          [ reduce using rule 10 (expression -> expression TIMES expression .) ]
  ! PLUS            [ shift and go to state 42 ]
  ! MINUS           [ shift and go to state 43 ]
  ! TIMES           [ shift and go to state 44 ]
  ! DIVIDE          [ shift and go to state 45 ]
  ! AND_BIT         [ shift and go to state 46 ]
  ! OR_BIT          [ shift and go to state 47 ]
  ! MOD             [ shift and go to state 48 ]
  ! XOR_BIT         [ shift and go to state 49 ]
  ! AND_BOOL        [ shift and go to state 56 ]
  ! OR_BOOL         [ shift and go to state 57 ]
  ! XOR_BOOL        [ shift and go to state 58 ]


state 94

    (11) expression -> expression DIVIDE expression .
    (8) expression -> expression . PLUS expression
    (9) expression -> expression . MINUS expression
    (10) expression -> expression . TIMES expression
    (11) expression -> expression . DIVIDE expression
    (12) expression -> expression . AND_BIT expression
    (13) expression -> expression . OR_BIT expression
    (14) expression -> expression . MOD expression
    (15) expression -> expression . XOR_BIT expression
    (16) expression -> expression . SMALLER expression
    (17) expression -> expression . GREATER expression
    (18) expression -> expression . EQUALS expression
    (19) expression -> expression . SMALLER_EQ expression
    (20) expression -> expression . GREATER_EQ expression
    (21) expression -> expression . NOT_EQ expression
    (22) expression -> expression . AND_BOOL expression
    (23) expression -> expression . OR_BOOL expression
    (24) expression -> expression . XOR_BOOL expression

    RASSIGN         reduce using rule 11 (expression -> expression DIVIDE expression .)
    PLUS            reduce using rule 11 (expression -> expression DIVIDE expression .)
    MINUS           reduce using rule 11 (expression -> expression DIVIDE expression .)
    TIMES           reduce using rule 11 (expression -> expression DIVIDE expression .)
    DIVIDE          reduce using rule 11 (expression -> expression DIVIDE expression .)
    AND_BIT         reduce using rule 11 (expression -> expression DIVIDE expression .)
    OR_BIT          reduce using rule 11 (expression -> expression DIVIDE expression .)
    MOD             reduce using rule 11 (expression -> expression DIVIDE expression .)
    XOR_BIT         reduce using rule 11 (expression -> expression DIVIDE expression .)
    AND_BOOL        reduce using rule 11 (expression -> expression DIVIDE expression .)
    OR_BOOL         reduce using rule 11 (expression -> expression DIVIDE expression .)
    XOR_BOOL        reduce using rule 11 (expression -> expression DIVIDE expression .)
    SEMICOLON       reduce using rule 11 (expression -> expression DIVIDE expression .)
    RPAREN          reduce using rule 11 (expression -> expression DIVIDE expression .)
    COMMA           reduce using rule 11 (expression -> expression DIVIDE expression .)
    RBRACKET        reduce using rule 11 (expression -> expression DIVIDE expression .)
    DO              reduce using rule 11 (expression -> expression DIVIDE expression .)
    SMALLER         shift and go to state 50
    GREATER         shift and go to state 51
    EQUALS          shift and go to state 52
    SMALLER_EQ      shift and go to state 53
    GREATER_EQ      shift and go to state 54
    NOT_EQ          shift and go to state 55

  ! SMALLER         [ reduce using rule 11 (expression -> expression DIVIDE expression .) ]
  ! GREATER         [ reduce using rule 11 (expression -> expression DIVIDE expression .) ]
  ! EQUALS          [ reduce using rule 11 (expression -> expression DIVIDE expression .) ]
  ! SMALLER_EQ      [ reduce using rule 11 (expression -> expression DIVIDE expression .) ]
  ! GREATER_EQ      [ reduce using rule 11 (expression -> expression DIVIDE expression .) ]
  ! NOT_EQ          [ reduce using rule 11 (expression -> expression DIVIDE expression .) ]
  ! PLUS            [ shift and go to state 42 ]
  ! MINUS           [ shift and go to state 43 ]
  ! TIMES           [ shift and go to state 44 ]
  ! DIVIDE          [ shift and go to state 45 ]
  ! AND_BIT         [ shift and go to state 46 ]
  ! OR_BIT          [ shift and go to state 47 ]
  ! MOD             [ shift and go to state 48 ]
  ! XOR_BIT         [ shift and go to state 49 ]
  ! AND_BOOL        [ shift and go to state 56 ]
  ! OR_BOOL         [ shift and go to state 57 ]
  ! XOR_BOOL        [ shift and go to state 58 ]


state 95

    (12) expression -> expression AND_BIT expression .
    (8) expression -> expression . PLUS expression
    (9) expression -> expression . MINUS expression
    (10) expression -> expression . TIMES expression
    (11) expression -> expression . DIVIDE expression
    (12) expression -> expression . AND_BIT expression
    (13) expression -> expression . OR_BIT expression
    (14) expression -> expression . MOD expression
    (15) expression -> expression . XOR_BIT expression
    (16) expression -> expression . SMALLER expression
    (17) expression -> expression . GREATER expression
    (18) expression -> expression . EQUALS expression
    (19) expression -> expression . SMALLER_EQ expression
    (20) expression -> expression . GREATER_EQ expression
    (21) expression -> expression . NOT_EQ expression
    (22) expression -> expression . AND_BOOL expression
    (23) expression -> expression . OR_BOOL expression
    (24) expression -> expression . XOR_BOOL expression

    RASSIGN         reduce using rule 12 (expression -> expression AND_BIT expression .)
    PLUS            reduce using rule 12 (expression -> expression AND_BIT expression .)
    MINUS           reduce using rule 12 (expression -> expression AND_BIT expression .)
    AND_BIT         reduce using rule 12 (expression -> expression AND_BIT expression .)
    OR_BIT          reduce using rule 12 (expression -> expression AND_BIT expression .)
    XOR_BIT         reduce using rule 12 (expression -> expression AND_BIT expression .)
    AND_BOOL        reduce using rule 12 (expression -> expression AND_BIT expression .)
    OR_BOOL         reduce using rule 12 (expression -> expression AND_BIT expression .)
    XOR_BOOL        reduce using rule 12 (expression -> expression AND_BIT expression .)
    SEMICOLON       reduce using rule 12 (expression -> expression AND_BIT expression .)
    RPAREN          reduce using rule 12 (expression -> expression AND_BIT expression .)
    COMMA           reduce using rule 12 (expression -> expression AND_BIT expression .)
    RBRACKET        reduce using rule 12 (expression -> expression AND_BIT expression .)
    DO              reduce using rule 12 (expression -> expression AND_BIT expression .)
    TIMES           shift and go to state 44
    DIVIDE          shift and go to state 45
    MOD             shift and go to state 48
    SMALLER         shift and go to state 50
    GREATER         shift and go to state 51
    EQUALS          shift and go to state 52
    SMALLER_EQ      shift and go to state 53
    GREATER_EQ      shift and go to state 54
    NOT_EQ          shift and go to state 55

  ! TIMES           [ reduce using rule 12 (expression -> expression AND_BIT expression .) ]
  ! DIVIDE          [ reduce using rule 12 (expression -> expression AND_BIT expression .) ]
  ! MOD             [ reduce using rule 12 (expression -> expression AND_BIT expression .) ]
  ! SMALLER         [ reduce using rule 12 (expression -> expression AND_BIT expression .) ]
  ! GREATER         [ reduce using rule 12 (expression -> expression AND_BIT expression .) ]
  ! EQUALS          [ reduce using rule 12 (expression -> expression AND_BIT expression .) ]
  ! SMALLER_EQ      [ reduce using rule 12 (expression -> expression AND_BIT expression .) ]
  ! GREATER_EQ      [ reduce using rule 12 (expression -> expression AND_BIT expression .) ]
  ! NOT_EQ          [ reduce using rule 12 (expression -> expression AND_BIT expression .) ]
  ! PLUS            [ shift and go to state 42 ]
  ! MINUS           [ shift and go to state 43 ]
  ! AND_BIT         [ shift and go to state 46 ]
  ! OR_BIT          [ shift and go to state 47 ]
  ! XOR_BIT         [ shift and go to state 49 ]
  ! AND_BOOL        [ shift and go to state 56 ]
  ! OR_BOOL         [ shift and go to state 57 ]
  ! XOR_BOOL        [ shift and go to state 58 ]


state 96

    (13) expression -> expression OR_BIT expression .
    (8) expression -> expression . PLUS expression
    (9) expression -> expression . MINUS expression
    (10) expression -> expression . TIMES expression
    (11) expression -> expression . DIVIDE expression
    (12) expression -> expression . AND_BIT expression
    (13) expression -> expression . OR_BIT expression
    (14) expression -> expression . MOD expression
    (15) expression -> expression . XOR_BIT expression
    (16) expression -> expression . SMALLER expression
    (17) expression -> expression . GREATER expression
    (18) expression -> expression . EQUALS expression
    (19) expression -> expression . SMALLER_EQ expression
    (20) expression -> expression . GREATER_EQ expression
    (21) expression -> expression . NOT_EQ expression
    (22) expression -> expression . AND_BOOL expression
    (23) expression -> expression . OR_BOOL expression
    (24) expression -> expression . XOR_BOOL expression

    RASSIGN         reduce using rule 13 (expression -> expression OR_BIT expression .)
    PLUS            reduce using rule 13 (expression -> expression OR_BIT expression .)
    MINUS           reduce using rule 13 (expression -> expression OR_BIT expression .)
    AND_BIT         reduce using rule 13 (expression -> expression OR_BIT expression .)
    OR_BIT          reduce using rule 13 (expression -> expression OR_BIT expression .)
    XOR_BIT         reduce using rule 13 (expression -> expression OR_BIT expression .)
    AND_BOOL        reduce using rule 13 (expression -> expression OR_BIT expression .)
    OR_BOOL         reduce using rule 13 (expression -> expression OR_BIT expression .)
    XOR_BOOL        reduce using rule 13 (expression -> expression OR_BIT expression .)
    SEMICOLON       reduce using rule 13 (expression -> expression OR_BIT expression .)
    RPAREN          reduce using rule 13 (expression -> expression OR_BIT expression .)
    COMMA           reduce using rule 13 (expression -> expression OR_BIT expression .)
    RBRACKET        reduce using rule 13 (expression -> expression OR_BIT expression .)
    DO              reduce using rule 13 (expression -> expression OR_BIT expression .)
    TIMES           shift and go to state 44
    DIVIDE          shift and go to state 45
    MOD             shift and go to state 48
    SMALLER         shift and go to state 50
    GREATER         shift and go to state 51
    EQUALS          shift and go to state 52
    SMALLER_EQ      shift and go to state 53
    GREATER_EQ      shift and go to state 54
    NOT_EQ          shift and go to state 55

  ! TIMES           [ reduce using rule 13 (expression -> expression OR_BIT expression .) ]
  ! DIVIDE          [ reduce using rule 13 (expression -> expression OR_BIT expression .) ]
  ! MOD             [ reduce using rule 13 (expression -> expression OR_BIT expression .) ]
  ! SMALLER         [ reduce using rule 13 (expression -> expression OR_BIT expression .) ]
  ! GREATER         [ reduce using rule 13 (expression -> expression OR_BIT expression .) ]
  ! EQUALS          [ reduce using rule 13 (expression -> expression OR_BIT expression .) ]
  ! SMALLER_EQ      [ reduce using rule 13 (expression -> expression OR_BIT expression .) ]
  ! GREATER_EQ      [ reduce using rule 13 (expression -> expression OR_BIT expression .) ]
  ! NOT_EQ          [ reduce using rule 13 (expression -> expression OR_BIT expression .) ]
  ! PLUS            [ shift and go to state 42 ]
  ! MINUS           [ shift and go to state 43 ]
  ! AND_BIT         [ shift and go to state 46 ]
  ! OR_BIT          [ shift and go to state 47 ]
  ! XOR_BIT         [ shift and go to state 49 ]
  ! AND_BOOL        [ shift and go to state 56 ]
  ! OR_BOOL         [ shift and go to state 57 ]
  ! XOR_BOOL        [ shift and go to state 58 ]


state 97

    (14) expression -> expression MOD expression .
    (8) expression -> expression . PLUS expression
    (9) expression -> expression . MINUS expression
    (10) expression -> expression . TIMES expression
    (11) expression -> expression . DIVIDE expression
    (12) expression -> expression . AND_BIT expression
    (13) expression -> expression . OR_BIT expression
    (14) expression -> expression . MOD expression
    (15) expression -> expression . XOR_BIT expression
    (16) expression -> expression . SMALLER expression
    (17) expression -> expression . GREATER expression
    (18) expression -> expression . EQUALS expression
    (19) expression -> expression . SMALLER_EQ expression
    (20) expression -> expression . GREATER_EQ expression
    (21) expression -> expression . NOT_EQ expression
    (22) expression -> expression . AND_BOOL expression
    (23) expression -> expression . OR_BOOL expression
    (24) expression -> expression . XOR_BOOL expression

    RASSIGN         reduce using rule 14 (expression -> expression MOD expression .)
    PLUS            reduce using rule 14 (expression -> expression MOD expression .)
    MINUS           reduce using rule 14 (expression -> expression MOD expression .)
    TIMES           reduce using rule 14 (expression -> expression MOD expression .)
    DIVIDE          reduce using rule 14 (expression -> expression MOD expression .)
    AND_BIT         reduce using rule 14 (expression -> expression MOD expression .)
    OR_BIT          reduce using rule 14 (expression -> expression MOD expression .)
    MOD             reduce using rule 14 (expression -> expression MOD expression .)
    XOR_BIT         reduce using rule 14 (expression -> expression MOD expression .)
    AND_BOOL        reduce using rule 14 (expression -> expression MOD expression .)
    OR_BOOL         reduce using rule 14 (expression -> expression MOD expression .)
    XOR_BOOL        reduce using rule 14 (expression -> expression MOD expression .)
    SEMICOLON       reduce using rule 14 (expression -> expression MOD expression .)
    RPAREN          reduce using rule 14 (expression -> expression MOD expression .)
    COMMA           reduce using rule 14 (expression -> expression MOD expression .)
    RBRACKET        reduce using rule 14 (expression -> expression MOD expression .)
    DO              reduce using rule 14 (expression -> expression MOD expression .)
    SMALLER         shift and go to state 50
    GREATER         shift and go to state 51
    EQUALS          shift and go to state 52
    SMALLER_EQ      shift and go to state 53
    GREATER_EQ      shift and go to state 54
    NOT_EQ          shift and go to state 55

  ! SMALLER         [ reduce using rule 14 (expression -> expression MOD expression .) ]
  ! GREATER         [ reduce using rule 14 (expression -> expression MOD expression .) ]
  ! EQUALS          [ reduce using rule 14 (expression -> expression MOD expression .) ]
  ! SMALLER_EQ      [ reduce using rule 14 (expression -> expression MOD expression .) ]
  ! GREATER_EQ      [ reduce using rule 14 (expression -> expression MOD expression .) ]
  ! NOT_EQ          [ reduce using rule 14 (expression -> expression MOD expression .) ]
  ! PLUS            [ shift and go to state 42 ]
  ! MINUS           [ shift and go to state 43 ]
  ! TIMES           [ shift and go to state 44 ]
  ! DIVIDE          [ shift and go to state 45 ]
  ! AND_BIT         [ shift and go to state 46 ]
  ! OR_BIT          [ shift and go to state 47 ]
  ! MOD             [ shift and go to state 48 ]
  ! XOR_BIT         [ shift and go to state 49 ]
  ! AND_BOOL        [ shift and go to state 56 ]
  ! OR_BOOL         [ shift and go to state 57 ]
  ! XOR_BOOL        [ shift and go to state 58 ]


state 98

    (15) expression -> expression XOR_BIT expression .
    (8) expression -> expression . PLUS expression
    (9) expression -> expression . MINUS expression
    (10) expression -> expression . TIMES expression
    (11) expression -> expression . DIVIDE expression
    (12) expression -> expression . AND_BIT expression
    (13) expression -> expression . OR_BIT expression
    (14) expression -> expression . MOD expression
    (15) expression -> expression . XOR_BIT expression
    (16) expression -> expression . SMALLER expression
    (17) expression -> expression . GREATER expression
    (18) expression -> expression . EQUALS expression
    (19) expression -> expression . SMALLER_EQ expression
    (20) expression -> expression . GREATER_EQ expression
    (21) expression -> expression . NOT_EQ expression
    (22) expression -> expression . AND_BOOL expression
    (23) expression -> expression . OR_BOOL expression
    (24) expression -> expression . XOR_BOOL expression

    RASSIGN         reduce using rule 15 (expression -> expression XOR_BIT expression .)
    PLUS            reduce using rule 15 (expression -> expression XOR_BIT expression .)
    MINUS           reduce using rule 15 (expression -> expression XOR_BIT expression .)
    AND_BIT         reduce using rule 15 (expression -> expression XOR_BIT expression .)
    OR_BIT          reduce using rule 15 (expression -> expression XOR_BIT expression .)
    XOR_BIT         reduce using rule 15 (expression -> expression XOR_BIT expression .)
    AND_BOOL        reduce using rule 15 (expression -> expression XOR_BIT expression .)
    OR_BOOL         reduce using rule 15 (expression -> expression XOR_BIT expression .)
    XOR_BOOL        reduce using rule 15 (expression -> expression XOR_BIT expression .)
    SEMICOLON       reduce using rule 15 (expression -> expression XOR_BIT expression .)
    RPAREN          reduce using rule 15 (expression -> expression XOR_BIT expression .)
    COMMA           reduce using rule 15 (expression -> expression XOR_BIT expression .)
    RBRACKET        reduce using rule 15 (expression -> expression XOR_BIT expression .)
    DO              reduce using rule 15 (expression -> expression XOR_BIT expression .)
    TIMES           shift and go to state 44
    DIVIDE          shift and go to state 45
    MOD             shift and go to state 48
    SMALLER         shift and go to state 50
    GREATER         shift and go to state 51
    EQUALS          shift and go to state 52
    SMALLER_EQ      shift and go to state 53
    GREATER_EQ      shift and go to state 54
    NOT_EQ          shift and go to state 55

  ! TIMES           [ reduce using rule 15 (expression -> expression XOR_BIT expression .) ]
  ! DIVIDE          [ reduce using rule 15 (expression -> expression XOR_BIT expression .) ]
  ! MOD             [ reduce using rule 15 (expression -> expression XOR_BIT expression .) ]
  ! SMALLER         [ reduce using rule 15 (expression -> expression XOR_BIT expression .) ]
  ! GREATER         [ reduce using rule 15 (expression -> expression XOR_BIT expression .) ]
  ! EQUALS          [ reduce using rule 15 (expression -> expression XOR_BIT expression .) ]
  ! SMALLER_EQ      [ reduce using rule 15 (expression -> expression XOR_BIT expression .) ]
  ! GREATER_EQ      [ reduce using rule 15 (expression -> expression XOR_BIT expression .) ]
  ! NOT_EQ          [ reduce using rule 15 (expression -> expression XOR_BIT expression .) ]
  ! PLUS            [ shift and go to state 42 ]
  ! MINUS           [ shift and go to state 43 ]
  ! AND_BIT         [ shift and go to state 46 ]
  ! OR_BIT          [ shift and go to state 47 ]
  ! XOR_BIT         [ shift and go to state 49 ]
  ! AND_BOOL        [ shift and go to state 56 ]
  ! OR_BOOL         [ shift and go to state 57 ]
  ! XOR_BOOL        [ shift and go to state 58 ]


state 99

    (16) expression -> expression SMALLER expression .
    (8) expression -> expression . PLUS expression
    (9) expression -> expression . MINUS expression
    (10) expression -> expression . TIMES expression
    (11) expression -> expression . DIVIDE expression
    (12) expression -> expression . AND_BIT expression
    (13) expression -> expression . OR_BIT expression
    (14) expression -> expression . MOD expression
    (15) expression -> expression . XOR_BIT expression
    (16) expression -> expression . SMALLER expression
    (17) expression -> expression . GREATER expression
    (18) expression -> expression . EQUALS expression
    (19) expression -> expression . SMALLER_EQ expression
    (20) expression -> expression . GREATER_EQ expression
    (21) expression -> expression . NOT_EQ expression
    (22) expression -> expression . AND_BOOL expression
    (23) expression -> expression . OR_BOOL expression
    (24) expression -> expression . XOR_BOOL expression

    RASSIGN         reduce using rule 16 (expression -> expression SMALLER expression .)
    PLUS            reduce using rule 16 (expression -> expression SMALLER expression .)
    MINUS           reduce using rule 16 (expression -> expression SMALLER expression .)
    TIMES           reduce using rule 16 (expression -> expression SMALLER expression .)
    DIVIDE          reduce using rule 16 (expression -> expression SMALLER expression .)
    AND_BIT         reduce using rule 16 (expression -> expression SMALLER expression .)
    OR_BIT          reduce using rule 16 (expression -> expression SMALLER expression .)
    MOD             reduce using rule 16 (expression -> expression SMALLER expression .)
    XOR_BIT         reduce using rule 16 (expression -> expression SMALLER expression .)
    SMALLER         reduce using rule 16 (expression -> expression SMALLER expression .)
    GREATER         reduce using rule 16 (expression -> expression SMALLER expression .)
    EQUALS          reduce using rule 16 (expression -> expression SMALLER expression .)
    SMALLER_EQ      reduce using rule 16 (expression -> expression SMALLER expression .)
    GREATER_EQ      reduce using rule 16 (expression -> expression SMALLER expression .)
    NOT_EQ          reduce using rule 16 (expression -> expression SMALLER expression .)
    AND_BOOL        reduce using rule 16 (expression -> expression SMALLER expression .)
    OR_BOOL         reduce using rule 16 (expression -> expression SMALLER expression .)
    XOR_BOOL        reduce using rule 16 (expression -> expression SMALLER expression .)
    SEMICOLON       reduce using rule 16 (expression -> expression SMALLER expression .)
    RPAREN          reduce using rule 16 (expression -> expression SMALLER expression .)
    COMMA           reduce using rule 16 (expression -> expression SMALLER expression .)
    RBRACKET        reduce using rule 16 (expression -> expression SMALLER expression .)
    DO              reduce using rule 16 (expression -> expression SMALLER expression .)

  ! PLUS            [ shift and go to state 42 ]
  ! MINUS           [ shift and go to state 43 ]
  ! TIMES           [ shift and go to state 44 ]
  ! DIVIDE          [ shift and go to state 45 ]
  ! AND_BIT         [ shift and go to state 46 ]
  ! OR_BIT          [ shift and go to state 47 ]
  ! MOD             [ shift and go to state 48 ]
  ! XOR_BIT         [ shift and go to state 49 ]
  ! SMALLER         [ shift and go to state 50 ]
  ! GREATER         [ shift and go to state 51 ]
  ! EQUALS          [ shift and go to state 52 ]
  ! SMALLER_EQ      [ shift and go to state 53 ]
  ! GREATER_EQ      [ shift and go to state 54 ]
  ! NOT_EQ          [ shift and go to state 55 ]
  ! AND_BOOL        [ shift and go to state 56 ]
  ! OR_BOOL         [ shift and go to state 57 ]
  ! XOR_BOOL        [ shift and go to state 58 ]


state 100

    (17) expression -> expression GREATER expression .
    (8) expression -> expression . PLUS expression
    (9) expression -> expression . MINUS expression
    (10) expression -> expression . TIMES expression
    (11) expression -> expression . DIVIDE expression
    (12) expression -> expression . AND_BIT expression
    (13) expression -> expression . OR_BIT expression
    (14) expression -> expression . MOD expression
    (15) expression -> expression . XOR_BIT expression
    (16) expression -> expression . SMALLER expression
    (17) expression -> expression . GREATER expression
    (18) expression -> expression . EQUALS expression
    (19) expression -> expression . SMALLER_EQ expression
    (20) expression -> expression . GREATER_EQ expression
    (21) expression -> expression . NOT_EQ expression
    (22) expression -> expression . AND_BOOL expression
    (23) expression -> expression . OR_BOOL expression
    (24) expression -> expression . XOR_BOOL expression

    RASSIGN         reduce using rule 17 (expression -> expression GREATER expression .)
    PLUS            reduce using rule 17 (expression -> expression GREATER expression .)
    MINUS           reduce using rule 17 (expression -> expression GREATER expression .)
    TIMES           reduce using rule 17 (expression -> expression GREATER expression .)
    DIVIDE          reduce using rule 17 (expression -> expression GREATER expression .)
    AND_BIT         reduce using rule 17 (expression -> expression GREATER expression .)
    OR_BIT          reduce using rule 17 (expression -> expression GREATER expression .)
    MOD             reduce using rule 17 (expression -> expression GREATER expression .)
    XOR_BIT         reduce using rule 17 (expression -> expression GREATER expression .)
    SMALLER         reduce using rule 17 (expression -> expression GREATER expression .)
    GREATER         reduce using rule 17 (expression -> expression GREATER expression .)
    EQUALS          reduce using rule 17 (expression -> expression GREATER expression .)
    SMALLER_EQ      reduce using rule 17 (expression -> expression GREATER expression .)
    GREATER_EQ      reduce using rule 17 (expression -> expression GREATER expression .)
    NOT_EQ          reduce using rule 17 (expression -> expression GREATER expression .)
    AND_BOOL        reduce using rule 17 (expression -> expression GREATER expression .)
    OR_BOOL         reduce using rule 17 (expression -> expression GREATER expression .)
    XOR_BOOL        reduce using rule 17 (expression -> expression GREATER expression .)
    SEMICOLON       reduce using rule 17 (expression -> expression GREATER expression .)
    RPAREN          reduce using rule 17 (expression -> expression GREATER expression .)
    COMMA           reduce using rule 17 (expression -> expression GREATER expression .)
    RBRACKET        reduce using rule 17 (expression -> expression GREATER expression .)
    DO              reduce using rule 17 (expression -> expression GREATER expression .)

  ! PLUS            [ shift and go to state 42 ]
  ! MINUS           [ shift and go to state 43 ]
  ! TIMES           [ shift and go to state 44 ]
  ! DIVIDE          [ shift and go to state 45 ]
  ! AND_BIT         [ shift and go to state 46 ]
  ! OR_BIT          [ shift and go to state 47 ]
  ! MOD             [ shift and go to state 48 ]
  ! XOR_BIT         [ shift and go to state 49 ]
  ! SMALLER         [ shift and go to state 50 ]
  ! GREATER         [ shift and go to state 51 ]
  ! EQUALS          [ shift and go to state 52 ]
  ! SMALLER_EQ      [ shift and go to state 53 ]
  ! GREATER_EQ      [ shift and go to state 54 ]
  ! NOT_EQ          [ shift and go to state 55 ]
  ! AND_BOOL        [ shift and go to state 56 ]
  ! OR_BOOL         [ shift and go to state 57 ]
  ! XOR_BOOL        [ shift and go to state 58 ]


state 101

    (18) expression -> expression EQUALS expression .
    (8) expression -> expression . PLUS expression
    (9) expression -> expression . MINUS expression
    (10) expression -> expression . TIMES expression
    (11) expression -> expression . DIVIDE expression
    (12) expression -> expression . AND_BIT expression
    (13) expression -> expression . OR_BIT expression
    (14) expression -> expression . MOD expression
    (15) expression -> expression . XOR_BIT expression
    (16) expression -> expression . SMALLER expression
    (17) expression -> expression . GREATER expression
    (18) expression -> expression . EQUALS expression
    (19) expression -> expression . SMALLER_EQ expression
    (20) expression -> expression . GREATER_EQ expression
    (21) expression -> expression . NOT_EQ expression
    (22) expression -> expression . AND_BOOL expression
    (23) expression -> expression . OR_BOOL expression
    (24) expression -> expression . XOR_BOOL expression

    RASSIGN         reduce using rule 18 (expression -> expression EQUALS expression .)
    PLUS            reduce using rule 18 (expression -> expression EQUALS expression .)
    MINUS           reduce using rule 18 (expression -> expression EQUALS expression .)
    TIMES           reduce using rule 18 (expression -> expression EQUALS expression .)
    DIVIDE          reduce using rule 18 (expression -> expression EQUALS expression .)
    AND_BIT         reduce using rule 18 (expression -> expression EQUALS expression .)
    OR_BIT          reduce using rule 18 (expression -> expression EQUALS expression .)
    MOD             reduce using rule 18 (expression -> expression EQUALS expression .)
    XOR_BIT         reduce using rule 18 (expression -> expression EQUALS expression .)
    EQUALS          reduce using rule 18 (expression -> expression EQUALS expression .)
    NOT_EQ          reduce using rule 18 (expression -> expression EQUALS expression .)
    AND_BOOL        reduce using rule 18 (expression -> expression EQUALS expression .)
    OR_BOOL         reduce using rule 18 (expression -> expression EQUALS expression .)
    XOR_BOOL        reduce using rule 18 (expression -> expression EQUALS expression .)
    SEMICOLON       reduce using rule 18 (expression -> expression EQUALS expression .)
    RPAREN          reduce using rule 18 (expression -> expression EQUALS expression .)
    COMMA           reduce using rule 18 (expression -> expression EQUALS expression .)
    RBRACKET        reduce using rule 18 (expression -> expression EQUALS expression .)
    DO              reduce using rule 18 (expression -> expression EQUALS expression .)
    SMALLER         shift and go to state 50
    GREATER         shift and go to state 51
    SMALLER_EQ      shift and go to state 53
    GREATER_EQ      shift and go to state 54

  ! SMALLER         [ reduce using rule 18 (expression -> expression EQUALS expression .) ]
  ! GREATER         [ reduce using rule 18 (expression -> expression EQUALS expression .) ]
  ! SMALLER_EQ      [ reduce using rule 18 (expression -> expression EQUALS expression .) ]
  ! GREATER_EQ      [ reduce using rule 18 (expression -> expression EQUALS expression .) ]
  ! PLUS            [ shift and go to state 42 ]
  ! MINUS           [ shift and go to state 43 ]
  ! TIMES           [ shift and go to state 44 ]
  ! DIVIDE          [ shift and go to state 45 ]
  ! AND_BIT         [ shift and go to state 46 ]
  ! OR_BIT          [ shift and go to state 47 ]
  ! MOD             [ shift and go to state 48 ]
  ! XOR_BIT         [ shift and go to state 49 ]
  ! EQUALS          [ shift and go to state 52 ]
  ! NOT_EQ          [ shift and go to state 55 ]
  ! AND_BOOL        [ shift and go to state 56 ]
  ! OR_BOOL         [ shift and go to state 57 ]
  ! XOR_BOOL        [ shift and go to state 58 ]


state 102

    (19) expression -> expression SMALLER_EQ expression .
    (8) expression -> expression . PLUS expression
    (9) expression -> expression . MINUS expression
    (10) expression -> expression . TIMES expression
    (11) expression -> expression . DIVIDE expression
    (12) expression -> expression . AND_BIT expression
    (13) expression -> expression . OR_BIT expression
    (14) expression -> expression . MOD expression
    (15) expression -> expression . XOR_BIT expression
    (16) expression -> expression . SMALLER expression
    (17) expression -> expression . GREATER expression
    (18) expression -> expression . EQUALS expression
    (19) expression -> expression . SMALLER_EQ expression
    (20) expression -> expression . GREATER_EQ expression
    (21) expression -> expression . NOT_EQ expression
    (22) expression -> expression . AND_BOOL expression
    (23) expression -> expression . OR_BOOL expression
    (24) expression -> expression . XOR_BOOL expression

    RASSIGN         reduce using rule 19 (expression -> expression SMALLER_EQ expression .)
    PLUS            reduce using rule 19 (expression -> expression SMALLER_EQ expression .)
    MINUS           reduce using rule 19 (expression -> expression SMALLER_EQ expression .)
    TIMES           reduce using rule 19 (expression -> expression SMALLER_EQ expression .)
    DIVIDE          reduce using rule 19 (expression -> expression SMALLER_EQ expression .)
    AND_BIT         reduce using rule 19 (expression -> expression SMALLER_EQ expression .)
    OR_BIT          reduce using rule 19 (expression -> expression SMALLER_EQ expression .)
    MOD             reduce using rule 19 (expression -> expression SMALLER_EQ expression .)
    XOR_BIT         reduce using rule 19 (expression -> expression SMALLER_EQ expression .)
    SMALLER         reduce using rule 19 (expression -> expression SMALLER_EQ expression .)
    GREATER         reduce using rule 19 (expression -> expression SMALLER_EQ expression .)
    EQUALS          reduce using rule 19 (expression -> expression SMALLER_EQ expression .)
    SMALLER_EQ      reduce using rule 19 (expression -> expression SMALLER_EQ expression .)
    GREATER_EQ      reduce using rule 19 (expression -> expression SMALLER_EQ expression .)
    NOT_EQ          reduce using rule 19 (expression -> expression SMALLER_EQ expression .)
    AND_BOOL        reduce using rule 19 (expression -> expression SMALLER_EQ expression .)
    OR_BOOL         reduce using rule 19 (expression -> expression SMALLER_EQ expression .)
    XOR_BOOL        reduce using rule 19 (expression -> expression SMALLER_EQ expression .)
    SEMICOLON       reduce using rule 19 (expression -> expression SMALLER_EQ expression .)
    RPAREN          reduce using rule 19 (expression -> expression SMALLER_EQ expression .)
    COMMA           reduce using rule 19 (expression -> expression SMALLER_EQ expression .)
    RBRACKET        reduce using rule 19 (expression -> expression SMALLER_EQ expression .)
    DO              reduce using rule 19 (expression -> expression SMALLER_EQ expression .)

  ! PLUS            [ shift and go to state 42 ]
  ! MINUS           [ shift and go to state 43 ]
  ! TIMES           [ shift and go to state 44 ]
  ! DIVIDE          [ shift and go to state 45 ]
  ! AND_BIT         [ shift and go to state 46 ]
  ! OR_BIT          [ shift and go to state 47 ]
  ! MOD             [ shift and go to state 48 ]
  ! XOR_BIT         [ shift and go to state 49 ]
  ! SMALLER         [ shift and go to state 50 ]
  ! GREATER         [ shift and go to state 51 ]
  ! EQUALS          [ shift and go to state 52 ]
  ! SMALLER_EQ      [ shift and go to state 53 ]
  ! GREATER_EQ      [ shift and go to state 54 ]
  ! NOT_EQ          [ shift and go to state 55 ]
  ! AND_BOOL        [ shift and go to state 56 ]
  ! OR_BOOL         [ shift and go to state 57 ]
  ! XOR_BOOL        [ shift and go to state 58 ]


state 103

    (20) expression -> expression GREATER_EQ expression .
    (8) expression -> expression . PLUS expression
    (9) expression -> expression . MINUS expression
    (10) expression -> expression . TIMES expression
    (11) expression -> expression . DIVIDE expression
    (12) expression -> expression . AND_BIT expression
    (13) expression -> expression . OR_BIT expression
    (14) expression -> expression . MOD expression
    (15) expression -> expression . XOR_BIT expression
    (16) expression -> expression . SMALLER expression
    (17) expression -> expression . GREATER expression
    (18) expression -> expression . EQUALS expression
    (19) expression -> expression . SMALLER_EQ expression
    (20) expression -> expression . GREATER_EQ expression
    (21) expression -> expression . NOT_EQ expression
    (22) expression -> expression . AND_BOOL expression
    (23) expression -> expression . OR_BOOL expression
    (24) expression -> expression . XOR_BOOL expression

    RASSIGN         reduce using rule 20 (expression -> expression GREATER_EQ expression .)
    PLUS            reduce using rule 20 (expression -> expression GREATER_EQ expression .)
    MINUS           reduce using rule 20 (expression -> expression GREATER_EQ expression .)
    TIMES           reduce using rule 20 (expression -> expression GREATER_EQ expression .)
    DIVIDE          reduce using rule 20 (expression -> expression GREATER_EQ expression .)
    AND_BIT         reduce using rule 20 (expression -> expression GREATER_EQ expression .)
    OR_BIT          reduce using rule 20 (expression -> expression GREATER_EQ expression .)
    MOD             reduce using rule 20 (expression -> expression GREATER_EQ expression .)
    XOR_BIT         reduce using rule 20 (expression -> expression GREATER_EQ expression .)
    SMALLER         reduce using rule 20 (expression -> expression GREATER_EQ expression .)
    GREATER         reduce using rule 20 (expression -> expression GREATER_EQ expression .)
    EQUALS          reduce using rule 20 (expression -> expression GREATER_EQ expression .)
    SMALLER_EQ      reduce using rule 20 (expression -> expression GREATER_EQ expression .)
    GREATER_EQ      reduce using rule 20 (expression -> expression GREATER_EQ expression .)
    NOT_EQ          reduce using rule 20 (expression -> expression GREATER_EQ expression .)
    AND_BOOL        reduce using rule 20 (expression -> expression GREATER_EQ expression .)
    OR_BOOL         reduce using rule 20 (expression -> expression GREATER_EQ expression .)
    XOR_BOOL        reduce using rule 20 (expression -> expression GREATER_EQ expression .)
    SEMICOLON       reduce using rule 20 (expression -> expression GREATER_EQ expression .)
    RPAREN          reduce using rule 20 (expression -> expression GREATER_EQ expression .)
    COMMA           reduce using rule 20 (expression -> expression GREATER_EQ expression .)
    RBRACKET        reduce using rule 20 (expression -> expression GREATER_EQ expression .)
    DO              reduce using rule 20 (expression -> expression GREATER_EQ expression .)

  ! PLUS            [ shift and go to state 42 ]
  ! MINUS           [ shift and go to state 43 ]
  ! TIMES           [ shift and go to state 44 ]
  ! DIVIDE          [ shift and go to state 45 ]
  ! AND_BIT         [ shift and go to state 46 ]
  ! OR_BIT          [ shift and go to state 47 ]
  ! MOD             [ shift and go to state 48 ]
  ! XOR_BIT         [ shift and go to state 49 ]
  ! SMALLER         [ shift and go to state 50 ]
  ! GREATER         [ shift and go to state 51 ]
  ! EQUALS          [ shift and go to state 52 ]
  ! SMALLER_EQ      [ shift and go to state 53 ]
  ! GREATER_EQ      [ shift and go to state 54 ]
  ! NOT_EQ          [ shift and go to state 55 ]
  ! AND_BOOL        [ shift and go to state 56 ]
  ! OR_BOOL         [ shift and go to state 57 ]
  ! XOR_BOOL        [ shift and go to state 58 ]


state 104

    (21) expression -> expression NOT_EQ expression .
    (8) expression -> expression . PLUS expression
    (9) expression -> expression . MINUS expression
    (10) expression -> expression . TIMES expression
    (11) expression -> expression . DIVIDE expression
    (12) expression -> expression . AND_BIT expression
    (13) expression -> expression . OR_BIT expression
    (14) expression -> expression . MOD expression
    (15) expression -> expression . XOR_BIT expression
    (16) expression -> expression . SMALLER expression
    (17) expression -> expression . GREATER expression
    (18) expression -> expression . EQUALS expression
    (19) expression -> expression . SMALLER_EQ expression
    (20) expression -> expression . GREATER_EQ expression
    (21) expression -> expression . NOT_EQ expression
    (22) expression -> expression . AND_BOOL expression
    (23) expression -> expression . OR_BOOL expression
    (24) expression -> expression . XOR_BOOL expression

    RASSIGN         reduce using rule 21 (expression -> expression NOT_EQ expression .)
    PLUS            reduce using rule 21 (expression -> expression NOT_EQ expression .)
    MINUS           reduce using rule 21 (expression -> expression NOT_EQ expression .)
    TIMES           reduce using rule 21 (expression -> expression NOT_EQ expression .)
    DIVIDE          reduce using rule 21 (expression -> expression NOT_EQ expression .)
    AND_BIT         reduce using rule 21 (expression -> expression NOT_EQ expression .)
    OR_BIT          reduce using rule 21 (expression -> expression NOT_EQ expression .)
    MOD             reduce using rule 21 (expression -> expression NOT_EQ expression .)
    XOR_BIT         reduce using rule 21 (expression -> expression NOT_EQ expression .)
    EQUALS          reduce using rule 21 (expression -> expression NOT_EQ expression .)
    NOT_EQ          reduce using rule 21 (expression -> expression NOT_EQ expression .)
    AND_BOOL        reduce using rule 21 (expression -> expression NOT_EQ expression .)
    OR_BOOL         reduce using rule 21 (expression -> expression NOT_EQ expression .)
    XOR_BOOL        reduce using rule 21 (expression -> expression NOT_EQ expression .)
    SEMICOLON       reduce using rule 21 (expression -> expression NOT_EQ expression .)
    RPAREN          reduce using rule 21 (expression -> expression NOT_EQ expression .)
    COMMA           reduce using rule 21 (expression -> expression NOT_EQ expression .)
    RBRACKET        reduce using rule 21 (expression -> expression NOT_EQ expression .)
    DO              reduce using rule 21 (expression -> expression NOT_EQ expression .)
    SMALLER         shift and go to state 50
    GREATER         shift and go to state 51
    SMALLER_EQ      shift and go to state 53
    GREATER_EQ      shift and go to state 54

  ! SMALLER         [ reduce using rule 21 (expression -> expression NOT_EQ expression .) ]
  ! GREATER         [ reduce using rule 21 (expression -> expression NOT_EQ expression .) ]
  ! SMALLER_EQ      [ reduce using rule 21 (expression -> expression NOT_EQ expression .) ]
  ! GREATER_EQ      [ reduce using rule 21 (expression -> expression NOT_EQ expression .) ]
  ! PLUS            [ shift and go to state 42 ]
  ! MINUS           [ shift and go to state 43 ]
  ! TIMES           [ shift and go to state 44 ]
  ! DIVIDE          [ shift and go to state 45 ]
  ! AND_BIT         [ shift and go to state 46 ]
  ! OR_BIT          [ shift and go to state 47 ]
  ! MOD             [ shift and go to state 48 ]
  ! XOR_BIT         [ shift and go to state 49 ]
  ! EQUALS          [ shift and go to state 52 ]
  ! NOT_EQ          [ shift and go to state 55 ]
  ! AND_BOOL        [ shift and go to state 56 ]
  ! OR_BOOL         [ shift and go to state 57 ]
  ! XOR_BOOL        [ shift and go to state 58 ]


state 105

    (22) expression -> expression AND_BOOL expression .
    (8) expression -> expression . PLUS expression
    (9) expression -> expression . MINUS expression
    (10) expression -> expression . TIMES expression
    (11) expression -> expression . DIVIDE expression
    (12) expression -> expression . AND_BIT expression
    (13) expression -> expression . OR_BIT expression
    (14) expression -> expression . MOD expression
    (15) expression -> expression . XOR_BIT expression
    (16) expression -> expression . SMALLER expression
    (17) expression -> expression . GREATER expression
    (18) expression -> expression . EQUALS expression
    (19) expression -> expression . SMALLER_EQ expression
    (20) expression -> expression . GREATER_EQ expression
    (21) expression -> expression . NOT_EQ expression
    (22) expression -> expression . AND_BOOL expression
    (23) expression -> expression . OR_BOOL expression
    (24) expression -> expression . XOR_BOOL expression

    RASSIGN         reduce using rule 22 (expression -> expression AND_BOOL expression .)
    PLUS            reduce using rule 22 (expression -> expression AND_BOOL expression .)
    MINUS           reduce using rule 22 (expression -> expression AND_BOOL expression .)
    AND_BIT         reduce using rule 22 (expression -> expression AND_BOOL expression .)
    OR_BIT          reduce using rule 22 (expression -> expression AND_BOOL expression .)
    XOR_BIT         reduce using rule 22 (expression -> expression AND_BOOL expression .)
    AND_BOOL        reduce using rule 22 (expression -> expression AND_BOOL expression .)
    OR_BOOL         reduce using rule 22 (expression -> expression AND_BOOL expression .)
    XOR_BOOL        reduce using rule 22 (expression -> expression AND_BOOL expression .)
    SEMICOLON       reduce using rule 22 (expression -> expression AND_BOOL expression .)
    RPAREN          reduce using rule 22 (expression -> expression AND_BOOL expression .)
    COMMA           reduce using rule 22 (expression -> expression AND_BOOL expression .)
    RBRACKET        reduce using rule 22 (expression -> expression AND_BOOL expression .)
    DO              reduce using rule 22 (expression -> expression AND_BOOL expression .)
    TIMES           shift and go to state 44
    DIVIDE          shift and go to state 45
    MOD             shift and go to state 48
    SMALLER         shift and go to state 50
    GREATER         shift and go to state 51
    EQUALS          shift and go to state 52
    SMALLER_EQ      shift and go to state 53
    GREATER_EQ      shift and go to state 54
    NOT_EQ          shift and go to state 55

  ! TIMES           [ reduce using rule 22 (expression -> expression AND_BOOL expression .) ]
  ! DIVIDE          [ reduce using rule 22 (expression -> expression AND_BOOL expression .) ]
  ! MOD             [ reduce using rule 22 (expression -> expression AND_BOOL expression .) ]
  ! SMALLER         [ reduce using rule 22 (expression -> expression AND_BOOL expression .) ]
  ! GREATER         [ reduce using rule 22 (expression -> expression AND_BOOL expression .) ]
  ! EQUALS          [ reduce using rule 22 (expression -> expression AND_BOOL expression .) ]
  ! SMALLER_EQ      [ reduce using rule 22 (expression -> expression AND_BOOL expression .) ]
  ! GREATER_EQ      [ reduce using rule 22 (expression -> expression AND_BOOL expression .) ]
  ! NOT_EQ          [ reduce using rule 22 (expression -> expression AND_BOOL expression .) ]
  ! PLUS            [ shift and go to state 42 ]
  ! MINUS           [ shift and go to state 43 ]
  ! AND_BIT         [ shift and go to state 46 ]
  ! OR_BIT          [ shift and go to state 47 ]
  ! XOR_BIT         [ shift and go to state 49 ]
  ! AND_BOOL        [ shift and go to state 56 ]
  ! OR_BOOL         [ shift and go to state 57 ]
  ! XOR_BOOL        [ shift and go to state 58 ]


state 106

    (23) expression -> expression OR_BOOL expression .
    (8) expression -> expression . PLUS expression
    (9) expression -> expression . MINUS expression
    (10) expression -> expression . TIMES expression
    (11) expression -> expression . DIVIDE expression
    (12) expression -> expression . AND_BIT expression
    (13) expression -> expression . OR_BIT expression
    (14) expression -> expression . MOD expression
    (15) expression -> expression . XOR_BIT expression
    (16) expression -> expression . SMALLER expression
    (17) expression -> expression . GREATER expression
    (18) expression -> expression . EQUALS expression
    (19) expression -> expression . SMALLER_EQ expression
    (20) expression -> expression . GREATER_EQ expression
    (21) expression -> expression . NOT_EQ expression
    (22) expression -> expression . AND_BOOL expression
    (23) expression -> expression . OR_BOOL expression
    (24) expression -> expression . XOR_BOOL expression

    RASSIGN         reduce using rule 23 (expression -> expression OR_BOOL expression .)
    PLUS            reduce using rule 23 (expression -> expression OR_BOOL expression .)
    MINUS           reduce using rule 23 (expression -> expression OR_BOOL expression .)
    AND_BIT         reduce using rule 23 (expression -> expression OR_BOOL expression .)
    OR_BIT          reduce using rule 23 (expression -> expression OR_BOOL expression .)
    XOR_BIT         reduce using rule 23 (expression -> expression OR_BOOL expression .)
    AND_BOOL        reduce using rule 23 (expression -> expression OR_BOOL expression .)
    OR_BOOL         reduce using rule 23 (expression -> expression OR_BOOL expression .)
    XOR_BOOL        reduce using rule 23 (expression -> expression OR_BOOL expression .)
    SEMICOLON       reduce using rule 23 (expression -> expression OR_BOOL expression .)
    RPAREN          reduce using rule 23 (expression -> expression OR_BOOL expression .)
    COMMA           reduce using rule 23 (expression -> expression OR_BOOL expression .)
    RBRACKET        reduce using rule 23 (expression -> expression OR_BOOL expression .)
    DO              reduce using rule 23 (expression -> expression OR_BOOL expression .)
    TIMES           shift and go to state 44
    DIVIDE          shift and go to state 45
    MOD             shift and go to state 48
    SMALLER         shift and go to state 50
    GREATER         shift and go to state 51
    EQUALS          shift and go to state 52
    SMALLER_EQ      shift and go to state 53
    GREATER_EQ      shift and go to state 54
    NOT_EQ          shift and go to state 55

  ! TIMES           [ reduce using rule 23 (expression -> expression OR_BOOL expression .) ]
  ! DIVIDE          [ reduce using rule 23 (expression -> expression OR_BOOL expression .) ]
  ! MOD             [ reduce using rule 23 (expression -> expression OR_BOOL expression .) ]
  ! SMALLER         [ reduce using rule 23 (expression -> expression OR_BOOL expression .) ]
  ! GREATER         [ reduce using rule 23 (expression -> expression OR_BOOL expression .) ]
  ! EQUALS          [ reduce using rule 23 (expression -> expression OR_BOOL expression .) ]
  ! SMALLER_EQ      [ reduce using rule 23 (expression -> expression OR_BOOL expression .) ]
  ! GREATER_EQ      [ reduce using rule 23 (expression -> expression OR_BOOL expression .) ]
  ! NOT_EQ          [ reduce using rule 23 (expression -> expression OR_BOOL expression .) ]
  ! PLUS            [ shift and go to state 42 ]
  ! MINUS           [ shift and go to state 43 ]
  ! AND_BIT         [ shift and go to state 46 ]
  ! OR_BIT          [ shift and go to state 47 ]
  ! XOR_BIT         [ shift and go to state 49 ]
  ! AND_BOOL        [ shift and go to state 56 ]
  ! OR_BOOL         [ shift and go to state 57 ]
  ! XOR_BOOL        [ shift and go to state 58 ]


state 107

    (24) expression -> expression XOR_BOOL expression .
    (8) expression -> expression . PLUS expression
    (9) expression -> expression . MINUS expression
    (10) expression -> expression . TIMES expression
    (11) expression -> expression . DIVIDE expression
    (12) expression -> expression . AND_BIT expression
    (13) expression -> expression . OR_BIT expression
    (14) expression -> expression . MOD expression
    (15) expression -> expression . XOR_BIT expression
    (16) expression -> expression . SMALLER expression
    (17) expression -> expression . GREATER expression
    (18) expression -> expression . EQUALS expression
    (19) expression -> expression . SMALLER_EQ expression
    (20) expression -> expression . GREATER_EQ expression
    (21) expression -> expression . NOT_EQ expression
    (22) expression -> expression . AND_BOOL expression
    (23) expression -> expression . OR_BOOL expression
    (24) expression -> expression . XOR_BOOL expression

    RASSIGN         reduce using rule 24 (expression -> expression XOR_BOOL expression .)
    PLUS            reduce using rule 24 (expression -> expression XOR_BOOL expression .)
    MINUS           reduce using rule 24 (expression -> expression XOR_BOOL expression .)
    AND_BIT         reduce using rule 24 (expression -> expression XOR_BOOL expression .)
    OR_BIT          reduce using rule 24 (expression -> expression XOR_BOOL expression .)
    XOR_BIT         reduce using rule 24 (expression -> expression XOR_BOOL expression .)
    AND_BOOL        reduce using rule 24 (expression -> expression XOR_BOOL expression .)
    OR_BOOL         reduce using rule 24 (expression -> expression XOR_BOOL expression .)
    XOR_BOOL        reduce using rule 24 (expression -> expression XOR_BOOL expression .)
    SEMICOLON       reduce using rule 24 (expression -> expression XOR_BOOL expression .)
    RPAREN          reduce using rule 24 (expression -> expression XOR_BOOL expression .)
    COMMA           reduce using rule 24 (expression -> expression XOR_BOOL expression .)
    RBRACKET        reduce using rule 24 (expression -> expression XOR_BOOL expression .)
    DO              reduce using rule 24 (expression -> expression XOR_BOOL expression .)
    TIMES           shift and go to state 44
    DIVIDE          shift and go to state 45
    MOD             shift and go to state 48
    SMALLER         shift and go to state 50
    GREATER         shift and go to state 51
    EQUALS          shift and go to state 52
    SMALLER_EQ      shift and go to state 53
    GREATER_EQ      shift and go to state 54
    NOT_EQ          shift and go to state 55

  ! TIMES           [ reduce using rule 24 (expression -> expression XOR_BOOL expression .) ]
  ! DIVIDE          [ reduce using rule 24 (expression -> expression XOR_BOOL expression .) ]
  ! MOD             [ reduce using rule 24 (expression -> expression XOR_BOOL expression .) ]
  ! SMALLER         [ reduce using rule 24 (expression -> expression XOR_BOOL expression .) ]
  ! GREATER         [ reduce using rule 24 (expression -> expression XOR_BOOL expression .) ]
  ! EQUALS          [ reduce using rule 24 (expression -> expression XOR_BOOL expression .) ]
  ! SMALLER_EQ      [ reduce using rule 24 (expression -> expression XOR_BOOL expression .) ]
  ! GREATER_EQ      [ reduce using rule 24 (expression -> expression XOR_BOOL expression .) ]
  ! NOT_EQ          [ reduce using rule 24 (expression -> expression XOR_BOOL expression .) ]
  ! PLUS            [ shift and go to state 42 ]
  ! MINUS           [ shift and go to state 43 ]
  ! AND_BIT         [ shift and go to state 46 ]
  ! OR_BIT          [ shift and go to state 47 ]
  ! XOR_BIT         [ shift and go to state 49 ]
  ! AND_BOOL        [ shift and go to state 56 ]
  ! OR_BOOL         [ shift and go to state 57 ]
  ! XOR_BOOL        [ shift and go to state 58 ]


state 108

    (61) statement -> PRINT LPAREN expression . RPAREN
    (8) expression -> expression . PLUS expression
    (9) expression -> expression . MINUS expression
    (10) expression -> expression . TIMES expression
    (11) expression -> expression . DIVIDE expression
    (12) expression -> expression . AND_BIT expression
    (13) expression -> expression . OR_BIT expression
    (14) expression -> expression . MOD expression
    (15) expression -> expression . XOR_BIT expression
    (16) expression -> expression . SMALLER expression
    (17) expression -> expression . GREATER expression
    (18) expression -> expression . EQUALS expression
    (19) expression -> expression . SMALLER_EQ expression
    (20) expression -> expression . GREATER_EQ expression
    (21) expression -> expression . NOT_EQ expression
    (22) expression -> expression . AND_BOOL expression
    (23) expression -> expression . OR_BOOL expression
    (24) expression -> expression . XOR_BOOL expression

    RPAREN          shift and go to state 139
    PLUS            shift and go to state 42
    MINUS           shift and go to state 43
    TIMES           shift and go to state 44
    DIVIDE          shift and go to state 45
    AND_BIT         shift and go to state 46
    OR_BIT          shift and go to state 47
    MOD             shift and go to state 48
    XOR_BIT         shift and go to state 49
    SMALLER         shift and go to state 50
    GREATER         shift and go to state 51
    EQUALS          shift and go to state 52
    SMALLER_EQ      shift and go to state 53
    GREATER_EQ      shift and go to state 54
    NOT_EQ          shift and go to state 55
    AND_BOOL        shift and go to state 56
    OR_BOOL         shift and go to state 57
    XOR_BOOL        shift and go to state 58


state 109

    (7) expression -> LPAREN expression . RPAREN
    (8) expression -> expression . PLUS expression
    (9) expression -> expression . MINUS expression
    (10) expression -> expression . TIMES expression
    (11) expression -> expression . DIVIDE expression
    (12) expression -> expression . AND_BIT expression
    (13) expression -> expression . OR_BIT expression
    (14) expression -> expression . MOD expression
    (15) expression -> expression . XOR_BIT expression
    (16) expression -> expression . SMALLER expression
    (17) expression -> expression . GREATER expression
    (18) expression -> expression . EQUALS expression
    (19) expression -> expression . SMALLER_EQ expression
    (20) expression -> expression . GREATER_EQ expression
    (21) expression -> expression . NOT_EQ expression
    (22) expression -> expression . AND_BOOL expression
    (23) expression -> expression . OR_BOOL expression
    (24) expression -> expression . XOR_BOOL expression

    RPAREN          shift and go to state 110
    PLUS            shift and go to state 42
    MINUS           shift and go to state 43
    TIMES           shift and go to state 44
    DIVIDE          shift and go to state 45
    AND_BIT         shift and go to state 46
    OR_BIT          shift and go to state 47
    MOD             shift and go to state 48
    XOR_BIT         shift and go to state 49
    SMALLER         shift and go to state 50
    GREATER         shift and go to state 51
    EQUALS          shift and go to state 52
    SMALLER_EQ      shift and go to state 53
    GREATER_EQ      shift and go to state 54
    NOT_EQ          shift and go to state 55
    AND_BOOL        shift and go to state 56
    OR_BOOL         shift and go to state 57
    XOR_BOOL        shift and go to state 58


state 110

    (7) expression -> LPAREN expression RPAREN .

    RASSIGN         reduce using rule 7 (expression -> LPAREN expression RPAREN .)
    PLUS            reduce using rule 7 (expression -> LPAREN expression RPAREN .)
    MINUS           reduce using rule 7 (expression -> LPAREN expression RPAREN .)
    TIMES           reduce using rule 7 (expression -> LPAREN expression RPAREN .)
    DIVIDE          reduce using rule 7 (expression -> LPAREN expression RPAREN .)
    AND_BIT         reduce using rule 7 (expression -> LPAREN expression RPAREN .)
    OR_BIT          reduce using rule 7 (expression -> LPAREN expression RPAREN .)
    MOD             reduce using rule 7 (expression -> LPAREN expression RPAREN .)
    XOR_BIT         reduce using rule 7 (expression -> LPAREN expression RPAREN .)
    SMALLER         reduce using rule 7 (expression -> LPAREN expression RPAREN .)
    GREATER         reduce using rule 7 (expression -> LPAREN expression RPAREN .)
    EQUALS          reduce using rule 7 (expression -> LPAREN expression RPAREN .)
    SMALLER_EQ      reduce using rule 7 (expression -> LPAREN expression RPAREN .)
    GREATER_EQ      reduce using rule 7 (expression -> LPAREN expression RPAREN .)
    NOT_EQ          reduce using rule 7 (expression -> LPAREN expression RPAREN .)
    AND_BOOL        reduce using rule 7 (expression -> LPAREN expression RPAREN .)
    OR_BOOL         reduce using rule 7 (expression -> LPAREN expression RPAREN .)
    XOR_BOOL        reduce using rule 7 (expression -> LPAREN expression RPAREN .)
    SEMICOLON       reduce using rule 7 (expression -> LPAREN expression RPAREN .)
    RPAREN          reduce using rule 7 (expression -> LPAREN expression RPAREN .)
    COMMA           reduce using rule 7 (expression -> LPAREN expression RPAREN .)
    RBRACKET        reduce using rule 7 (expression -> LPAREN expression RPAREN .)
    DO              reduce using rule 7 (expression -> LPAREN expression RPAREN .)


state 111

    (45) arg_list -> expression COMMA . arg_list
    (45) arg_list -> . expression COMMA arg_list
    (46) arg_list -> . expression
    (2) expression -> . IDENTIFIER_EXPR
    (3) expression -> . NUMBER
    (4) expression -> . BOOLEAN
    (5) expression -> . CHAR
    (6) expression -> . STRING
    (7) expression -> . LPAREN expression RPAREN
    (8) expression -> . expression PLUS expression
    (9) expression -> . expression MINUS expression
    (10) expression -> . expression TIMES expression
    (11) expression -> . expression DIVIDE expression
    (12) expression -> . expression AND_BIT expression
    (13) expression -> . expression OR_BIT expression
    (14) expression -> . expression MOD expression
    (15) expression -> . expression XOR_BIT expression
    (16) expression -> . expression SMALLER expression
    (17) expression -> . expression GREATER expression
    (18) expression -> . expression EQUALS expression
    (19) expression -> . expression SMALLER_EQ expression
    (20) expression -> . expression GREATER_EQ expression
    (21) expression -> . expression NOT_EQ expression
    (22) expression -> . expression AND_BOOL expression
    (23) expression -> . expression OR_BOOL expression
    (24) expression -> . expression XOR_BOOL expression
    (25) expression -> . NOT_BIT expression
    (26) expression -> . NOT_BOOL expression
    (27) expression -> . MINUS expression
    (36) expression -> . IDENTIFIER LBRACKET INDEX RBRACKET
    (44) expression -> . IDENTIFIER DOT GET LPAREN INDEX RPAREN
    (47) expression -> . HASH WITH LPAREN param_list RPAREN FUNCARROW TYPE DO block DONE
    (83) expression -> . IDENTIFIER LPAREN RPAREN
    (84) expression -> . IDENTIFIER LPAREN param_call_list RPAREN
    (1) IDENTIFIER_EXPR -> . IDENTIFIER

    NUMBER          shift and go to state 31
    BOOLEAN         shift and go to state 32
    CHAR            shift and go to state 33
    STRING          shift and go to state 34
    LPAREN          shift and go to state 60
    NOT_BIT         shift and go to state 36
    NOT_BOOL        shift and go to state 37
    MINUS           shift and go to state 35
    IDENTIFIER      shift and go to state 63
    HASH            shift and go to state 18

    expression                     shift and go to state 72
    arg_list                       shift and go to state 140
    IDENTIFIER_EXPR                shift and go to state 30

state 112

    (43) list -> LPAREN arg_list RPAREN .

    RASSIGN         reduce using rule 43 (list -> LPAREN arg_list RPAREN .)
    SEMICOLON       reduce using rule 43 (list -> LPAREN arg_list RPAREN .)


state 113

    (62) assign -> IDENTIFIER LASSIGN expression .
    (8) expression -> expression . PLUS expression
    (9) expression -> expression . MINUS expression
    (10) expression -> expression . TIMES expression
    (11) expression -> expression . DIVIDE expression
    (12) expression -> expression . AND_BIT expression
    (13) expression -> expression . OR_BIT expression
    (14) expression -> expression . MOD expression
    (15) expression -> expression . XOR_BIT expression
    (16) expression -> expression . SMALLER expression
    (17) expression -> expression . GREATER expression
    (18) expression -> expression . EQUALS expression
    (19) expression -> expression . SMALLER_EQ expression
    (20) expression -> expression . GREATER_EQ expression
    (21) expression -> expression . NOT_EQ expression
    (22) expression -> expression . AND_BOOL expression
    (23) expression -> expression . OR_BOOL expression
    (24) expression -> expression . XOR_BOOL expression

    SEMICOLON       reduce using rule 62 (assign -> IDENTIFIER LASSIGN expression .)
    PLUS            shift and go to state 42
    MINUS           shift and go to state 43
    TIMES           shift and go to state 44
    DIVIDE          shift and go to state 45
    AND_BIT         shift and go to state 46
    OR_BIT          shift and go to state 47
    MOD             shift and go to state 48
    XOR_BIT         shift and go to state 49
    SMALLER         shift and go to state 50
    GREATER         shift and go to state 51
    EQUALS          shift and go to state 52
    SMALLER_EQ      shift and go to state 53
    GREATER_EQ      shift and go to state 54
    NOT_EQ          shift and go to state 55
    AND_BOOL        shift and go to state 56
    OR_BOOL         shift and go to state 57
    XOR_BOOL        shift and go to state 58


state 114

    (31) declaration -> IDENTIFIER HASH LBRACKET . size RBRACKET TYPE
    (32) size -> . INDEX
    (33) size -> . empty
    (34) empty -> .

    INDEX           shift and go to state 123
    RBRACKET        reduce using rule 34 (empty -> .)

    size                           shift and go to state 141
    empty                          shift and go to state 124

state 115

    (67) declaration -> IDENTIFIER HASH TYPE .
    (38) list_type_r -> TYPE . WITH LIST

    SEMICOLON       reduce using rule 67 (declaration -> IDENTIFIER HASH TYPE .)
    WITH            shift and go to state 142


state 116

    (41) declaration -> IDENTIFIER HASH list_type_r .

    SEMICOLON       reduce using rule 41 (declaration -> IDENTIFIER HASH list_type_r .)


state 117

    (36) expression -> IDENTIFIER LBRACKET INDEX . RBRACKET

    RBRACKET        shift and go to state 143


state 118

    (44) expression -> IDENTIFIER DOT GET . LPAREN INDEX RPAREN

    LPAREN          shift and go to state 144


state 119

    (83) expression -> IDENTIFIER LPAREN RPAREN .

    RASSIGN         reduce using rule 83 (expression -> IDENTIFIER LPAREN RPAREN .)
    PLUS            reduce using rule 83 (expression -> IDENTIFIER LPAREN RPAREN .)
    MINUS           reduce using rule 83 (expression -> IDENTIFIER LPAREN RPAREN .)
    TIMES           reduce using rule 83 (expression -> IDENTIFIER LPAREN RPAREN .)
    DIVIDE          reduce using rule 83 (expression -> IDENTIFIER LPAREN RPAREN .)
    AND_BIT         reduce using rule 83 (expression -> IDENTIFIER LPAREN RPAREN .)
    OR_BIT          reduce using rule 83 (expression -> IDENTIFIER LPAREN RPAREN .)
    MOD             reduce using rule 83 (expression -> IDENTIFIER LPAREN RPAREN .)
    XOR_BIT         reduce using rule 83 (expression -> IDENTIFIER LPAREN RPAREN .)
    SMALLER         reduce using rule 83 (expression -> IDENTIFIER LPAREN RPAREN .)
    GREATER         reduce using rule 83 (expression -> IDENTIFIER LPAREN RPAREN .)
    EQUALS          reduce using rule 83 (expression -> IDENTIFIER LPAREN RPAREN .)
    SMALLER_EQ      reduce using rule 83 (expression -> IDENTIFIER LPAREN RPAREN .)
    GREATER_EQ      reduce using rule 83 (expression -> IDENTIFIER LPAREN RPAREN .)
    NOT_EQ          reduce using rule 83 (expression -> IDENTIFIER LPAREN RPAREN .)
    AND_BOOL        reduce using rule 83 (expression -> IDENTIFIER LPAREN RPAREN .)
    OR_BOOL         reduce using rule 83 (expression -> IDENTIFIER LPAREN RPAREN .)
    XOR_BOOL        reduce using rule 83 (expression -> IDENTIFIER LPAREN RPAREN .)
    SEMICOLON       reduce using rule 83 (expression -> IDENTIFIER LPAREN RPAREN .)
    RPAREN          reduce using rule 83 (expression -> IDENTIFIER LPAREN RPAREN .)
    COMMA           reduce using rule 83 (expression -> IDENTIFIER LPAREN RPAREN .)
    RBRACKET        reduce using rule 83 (expression -> IDENTIFIER LPAREN RPAREN .)
    DO              reduce using rule 83 (expression -> IDENTIFIER LPAREN RPAREN .)


state 120

    (84) expression -> IDENTIFIER LPAREN param_call_list . RPAREN
    (81) param_call_list -> param_call_list . COMMA expression

    RPAREN          shift and go to state 145
    COMMA           shift and go to state 146


state 121

    (82) param_call_list -> expression .
    (8) expression -> expression . PLUS expression
    (9) expression -> expression . MINUS expression
    (10) expression -> expression . TIMES expression
    (11) expression -> expression . DIVIDE expression
    (12) expression -> expression . AND_BIT expression
    (13) expression -> expression . OR_BIT expression
    (14) expression -> expression . MOD expression
    (15) expression -> expression . XOR_BIT expression
    (16) expression -> expression . SMALLER expression
    (17) expression -> expression . GREATER expression
    (18) expression -> expression . EQUALS expression
    (19) expression -> expression . SMALLER_EQ expression
    (20) expression -> expression . GREATER_EQ expression
    (21) expression -> expression . NOT_EQ expression
    (22) expression -> expression . AND_BOOL expression
    (23) expression -> expression . OR_BOOL expression
    (24) expression -> expression . XOR_BOOL expression

    RPAREN          reduce using rule 82 (param_call_list -> expression .)
    COMMA           reduce using rule 82 (param_call_list -> expression .)
    PLUS            shift and go to state 42
    MINUS           shift and go to state 43
    TIMES           shift and go to state 44
    DIVIDE          shift and go to state 45
    AND_BIT         shift and go to state 46
    OR_BIT          shift and go to state 47
    MOD             shift and go to state 48
    XOR_BIT         shift and go to state 49
    SMALLER         shift and go to state 50
    GREATER         shift and go to state 51
    EQUALS          shift and go to state 52
    SMALLER_EQ      shift and go to state 53
    GREATER_EQ      shift and go to state 54
    NOT_EQ          shift and go to state 55
    AND_BOOL        shift and go to state 56
    OR_BOOL         shift and go to state 57
    XOR_BOOL        shift and go to state 58


state 122

    (28) declaration -> TYPE LBRACKET size . RBRACKET HASH IDENTIFIER LASSIGN array
    (29) declaration -> TYPE LBRACKET size . RBRACKET HASH IDENTIFIER

    RBRACKET        shift and go to state 147


state 123

    (32) size -> INDEX .

    RBRACKET        reduce using rule 32 (size -> INDEX .)


state 124

    (33) size -> empty .

    RBRACKET        reduce using rule 33 (size -> empty .)


state 125

    (64) declaration -> TYPE HASH IDENTIFIER . LASSIGN expression
    (66) declaration -> TYPE HASH IDENTIFIER .

    LASSIGN         shift and go to state 148
    SEMICOLON       reduce using rule 66 (declaration -> TYPE HASH IDENTIFIER .)


state 126

    (35) array -> LBRACKET arg_list RBRACKET .

    RASSIGN         reduce using rule 35 (array -> LBRACKET arg_list RBRACKET .)
    SEMICOLON       reduce using rule 35 (array -> LBRACKET arg_list RBRACKET .)


state 127

    (47) expression -> HASH WITH LPAREN . param_list RPAREN FUNCARROW TYPE DO block DONE
    (78) param_list -> . param_list COMMA param
    (79) param_list -> . param
    (80) param -> . TYPE HASH IDENTIFIER

    TYPE            shift and go to state 150

    param_list                     shift and go to state 149
    param                          shift and go to state 151

state 128

    (30) declaration -> array RASSIGN IDENTIFIER . HASH LBRACKET size RBRACKET TYPE

    HASH            shift and go to state 152


state 129

    (39) declaration -> list_type_l HASH IDENTIFIER .
    (40) declaration -> list_type_l HASH IDENTIFIER . LASSIGN list

    SEMICOLON       reduce using rule 39 (declaration -> list_type_l HASH IDENTIFIER .)
    LASSIGN         shift and go to state 153


state 130

    (42) declaration -> list RASSIGN IDENTIFIER . HASH list_type_r

    HASH            shift and go to state 154


state 131

    (68) condition -> IF expression DO . block DONE
    (69) condition -> IF expression DO . block ELSE DO block DONE
    (70) condition -> IF expression DO . block elif_list DONE
    (71) condition -> IF expression DO . block elif_list ELSE DO block DONE
    (58) block -> . statement_list
    (59) statement_list -> . statement_list statement SEMICOLON
    (60) statement_list -> . statement SEMICOLON
    (48) statement -> . assign
    (49) statement -> . declaration
    (50) statement -> . condition
    (51) statement -> . iteration
    (52) statement -> . func_decl
    (53) statement -> . return
    (54) statement -> . ctn
    (55) statement -> . brk
    (56) statement -> . onbrk
    (57) statement -> . expression
    (61) statement -> . PRINT LPAREN expression RPAREN
    (62) assign -> . IDENTIFIER LASSIGN expression
    (63) assign -> . expression RASSIGN IDENTIFIER
    (28) declaration -> . TYPE LBRACKET size RBRACKET HASH IDENTIFIER LASSIGN array
    (29) declaration -> . TYPE LBRACKET size RBRACKET HASH IDENTIFIER
    (30) declaration -> . array RASSIGN IDENTIFIER HASH LBRACKET size RBRACKET TYPE
    (31) declaration -> . IDENTIFIER HASH LBRACKET size RBRACKET TYPE
    (39) declaration -> . list_type_l HASH IDENTIFIER
    (40) declaration -> . list_type_l HASH IDENTIFIER LASSIGN list
    (41) declaration -> . IDENTIFIER HASH list_type_r
    (42) declaration -> . list RASSIGN IDENTIFIER HASH list_type_r
    (64) declaration -> . TYPE HASH IDENTIFIER LASSIGN expression
    (65) declaration -> . expression RASSIGN IDENTIFIER HASH TYPE
    (66) declaration -> . TYPE HASH IDENTIFIER
    (67) declaration -> . IDENTIFIER HASH TYPE
    (68) condition -> . IF expression DO block DONE
    (69) condition -> . IF expression DO block ELSE DO block DONE
    (70) condition -> . IF expression DO block elif_list DONE
    (71) condition -> . IF expression DO block elif_list ELSE DO block DONE
    (75) iteration -> . UNTIL expression DO block DONE
    (76) iteration -> . DO block DONE UNTIL expression
    (77) func_decl -> . FUNC HASH IDENTIFIER LASSIGN WITH LPAREN param_list RPAREN FUNCARROW TYPE DO block DONE
    (85) return -> . RETURN expression
    (86) ctn -> . CONTINUE
    (87) brk -> . BREAK
    (88) onbrk -> . ONBREAK statement
    (2) expression -> . IDENTIFIER_EXPR
    (3) expression -> . NUMBER
    (4) expression -> . BOOLEAN
    (5) expression -> . CHAR
    (6) expression -> . STRING
    (7) expression -> . LPAREN expression RPAREN
    (8) expression -> . expression PLUS expression
    (9) expression -> . expression MINUS expression
    (10) expression -> . expression TIMES expression
    (11) expression -> . expression DIVIDE expression
    (12) expression -> . expression AND_BIT expression
    (13) expression -> . expression OR_BIT expression
    (14) expression -> . expression MOD expression
    (15) expression -> . expression XOR_BIT expression
    (16) expression -> . expression SMALLER expression
    (17) expression -> . expression GREATER expression
    (18) expression -> . expression EQUALS expression
    (19) expression -> . expression SMALLER_EQ expression
    (20) expression -> . expression GREATER_EQ expression
    (21) expression -> . expression NOT_EQ expression
    (22) expression -> . expression AND_BOOL expression
    (23) expression -> . expression OR_BOOL expression
    (24) expression -> . expression XOR_BOOL expression
    (25) expression -> . NOT_BIT expression
    (26) expression -> . NOT_BOOL expression
    (27) expression -> . MINUS expression
    (36) expression -> . IDENTIFIER LBRACKET INDEX RBRACKET
    (44) expression -> . IDENTIFIER DOT GET LPAREN INDEX RPAREN
    (47) expression -> . HASH WITH LPAREN param_list RPAREN FUNCARROW TYPE DO block DONE
    (83) expression -> . IDENTIFIER LPAREN RPAREN
    (84) expression -> . IDENTIFIER LPAREN param_call_list RPAREN
    (35) array -> . LBRACKET arg_list RBRACKET
    (37) list_type_l -> . LIST WITH TYPE
    (43) list -> . LPAREN arg_list RPAREN
    (1) IDENTIFIER_EXPR -> . IDENTIFIER

    PRINT           shift and go to state 13
    IDENTIFIER      shift and go to state 15
    TYPE            shift and go to state 16
    IF              shift and go to state 22
    UNTIL           shift and go to state 24
    DO              shift and go to state 23
    FUNC            shift and go to state 25
    RETURN          shift and go to state 26
    CONTINUE        shift and go to state 27
    BREAK           shift and go to state 28
    ONBREAK         shift and go to state 29
    NUMBER          shift and go to state 31
    BOOLEAN         shift and go to state 32
    CHAR            shift and go to state 33
    STRING          shift and go to state 34
    LPAREN          shift and go to state 14
    NOT_BIT         shift and go to state 36
    NOT_BOOL        shift and go to state 37
    MINUS           shift and go to state 35
    HASH            shift and go to state 18
    LBRACKET        shift and go to state 17
    LIST            shift and go to state 38

    expression                     shift and go to state 12
    block                          shift and go to state 155
    statement_list                 shift and go to state 79
    statement                      shift and go to state 80
    assign                         shift and go to state 3
    declaration                    shift and go to state 4
    condition                      shift and go to state 5
    iteration                      shift and go to state 6
    func_decl                      shift and go to state 7
    return                         shift and go to state 8
    ctn                            shift and go to state 9
    brk                            shift and go to state 10
    onbrk                          shift and go to state 11
    array                          shift and go to state 19
    list_type_l                    shift and go to state 20
    list                           shift and go to state 21
    IDENTIFIER_EXPR                shift and go to state 30

state 132

    (76) iteration -> DO block DONE . UNTIL expression

    UNTIL           shift and go to state 156


state 133

    (59) statement_list -> statement_list statement . SEMICOLON

    SEMICOLON       shift and go to state 157


state 134

    (60) statement_list -> statement SEMICOLON .

    PRINT           reduce using rule 60 (statement_list -> statement SEMICOLON .)
    IDENTIFIER      reduce using rule 60 (statement_list -> statement SEMICOLON .)
    TYPE            reduce using rule 60 (statement_list -> statement SEMICOLON .)
    IF              reduce using rule 60 (statement_list -> statement SEMICOLON .)
    UNTIL           reduce using rule 60 (statement_list -> statement SEMICOLON .)
    DO              reduce using rule 60 (statement_list -> statement SEMICOLON .)
    FUNC            reduce using rule 60 (statement_list -> statement SEMICOLON .)
    RETURN          reduce using rule 60 (statement_list -> statement SEMICOLON .)
    CONTINUE        reduce using rule 60 (statement_list -> statement SEMICOLON .)
    BREAK           reduce using rule 60 (statement_list -> statement SEMICOLON .)
    ONBREAK         reduce using rule 60 (statement_list -> statement SEMICOLON .)
    NUMBER          reduce using rule 60 (statement_list -> statement SEMICOLON .)
    BOOLEAN         reduce using rule 60 (statement_list -> statement SEMICOLON .)
    CHAR            reduce using rule 60 (statement_list -> statement SEMICOLON .)
    STRING          reduce using rule 60 (statement_list -> statement SEMICOLON .)
    LPAREN          reduce using rule 60 (statement_list -> statement SEMICOLON .)
    NOT_BIT         reduce using rule 60 (statement_list -> statement SEMICOLON .)
    NOT_BOOL        reduce using rule 60 (statement_list -> statement SEMICOLON .)
    MINUS           reduce using rule 60 (statement_list -> statement SEMICOLON .)
    HASH            reduce using rule 60 (statement_list -> statement SEMICOLON .)
    LBRACKET        reduce using rule 60 (statement_list -> statement SEMICOLON .)
    LIST            reduce using rule 60 (statement_list -> statement SEMICOLON .)
    DONE            reduce using rule 60 (statement_list -> statement SEMICOLON .)
    ELSE            reduce using rule 60 (statement_list -> statement SEMICOLON .)
    ELIF            reduce using rule 60 (statement_list -> statement SEMICOLON .)


state 135

    (75) iteration -> UNTIL expression DO . block DONE
    (58) block -> . statement_list
    (59) statement_list -> . statement_list statement SEMICOLON
    (60) statement_list -> . statement SEMICOLON
    (48) statement -> . assign
    (49) statement -> . declaration
    (50) statement -> . condition
    (51) statement -> . iteration
    (52) statement -> . func_decl
    (53) statement -> . return
    (54) statement -> . ctn
    (55) statement -> . brk
    (56) statement -> . onbrk
    (57) statement -> . expression
    (61) statement -> . PRINT LPAREN expression RPAREN
    (62) assign -> . IDENTIFIER LASSIGN expression
    (63) assign -> . expression RASSIGN IDENTIFIER
    (28) declaration -> . TYPE LBRACKET size RBRACKET HASH IDENTIFIER LASSIGN array
    (29) declaration -> . TYPE LBRACKET size RBRACKET HASH IDENTIFIER
    (30) declaration -> . array RASSIGN IDENTIFIER HASH LBRACKET size RBRACKET TYPE
    (31) declaration -> . IDENTIFIER HASH LBRACKET size RBRACKET TYPE
    (39) declaration -> . list_type_l HASH IDENTIFIER
    (40) declaration -> . list_type_l HASH IDENTIFIER LASSIGN list
    (41) declaration -> . IDENTIFIER HASH list_type_r
    (42) declaration -> . list RASSIGN IDENTIFIER HASH list_type_r
    (64) declaration -> . TYPE HASH IDENTIFIER LASSIGN expression
    (65) declaration -> . expression RASSIGN IDENTIFIER HASH TYPE
    (66) declaration -> . TYPE HASH IDENTIFIER
    (67) declaration -> . IDENTIFIER HASH TYPE
    (68) condition -> . IF expression DO block DONE
    (69) condition -> . IF expression DO block ELSE DO block DONE
    (70) condition -> . IF expression DO block elif_list DONE
    (71) condition -> . IF expression DO block elif_list ELSE DO block DONE
    (75) iteration -> . UNTIL expression DO block DONE
    (76) iteration -> . DO block DONE UNTIL expression
    (77) func_decl -> . FUNC HASH IDENTIFIER LASSIGN WITH LPAREN param_list RPAREN FUNCARROW TYPE DO block DONE
    (85) return -> . RETURN expression
    (86) ctn -> . CONTINUE
    (87) brk -> . BREAK
    (88) onbrk -> . ONBREAK statement
    (2) expression -> . IDENTIFIER_EXPR
    (3) expression -> . NUMBER
    (4) expression -> . BOOLEAN
    (5) expression -> . CHAR
    (6) expression -> . STRING
    (7) expression -> . LPAREN expression RPAREN
    (8) expression -> . expression PLUS expression
    (9) expression -> . expression MINUS expression
    (10) expression -> . expression TIMES expression
    (11) expression -> . expression DIVIDE expression
    (12) expression -> . expression AND_BIT expression
    (13) expression -> . expression OR_BIT expression
    (14) expression -> . expression MOD expression
    (15) expression -> . expression XOR_BIT expression
    (16) expression -> . expression SMALLER expression
    (17) expression -> . expression GREATER expression
    (18) expression -> . expression EQUALS expression
    (19) expression -> . expression SMALLER_EQ expression
    (20) expression -> . expression GREATER_EQ expression
    (21) expression -> . expression NOT_EQ expression
    (22) expression -> . expression AND_BOOL expression
    (23) expression -> . expression OR_BOOL expression
    (24) expression -> . expression XOR_BOOL expression
    (25) expression -> . NOT_BIT expression
    (26) expression -> . NOT_BOOL expression
    (27) expression -> . MINUS expression
    (36) expression -> . IDENTIFIER LBRACKET INDEX RBRACKET
    (44) expression -> . IDENTIFIER DOT GET LPAREN INDEX RPAREN
    (47) expression -> . HASH WITH LPAREN param_list RPAREN FUNCARROW TYPE DO block DONE
    (83) expression -> . IDENTIFIER LPAREN RPAREN
    (84) expression -> . IDENTIFIER LPAREN param_call_list RPAREN
    (35) array -> . LBRACKET arg_list RBRACKET
    (37) list_type_l -> . LIST WITH TYPE
    (43) list -> . LPAREN arg_list RPAREN
    (1) IDENTIFIER_EXPR -> . IDENTIFIER

    PRINT           shift and go to state 13
    IDENTIFIER      shift and go to state 15
    TYPE            shift and go to state 16
    IF              shift and go to state 22
    UNTIL           shift and go to state 24
    DO              shift and go to state 23
    FUNC            shift and go to state 25
    RETURN          shift and go to state 26
    CONTINUE        shift and go to state 27
    BREAK           shift and go to state 28
    ONBREAK         shift and go to state 29
    NUMBER          shift and go to state 31
    BOOLEAN         shift and go to state 32
    CHAR            shift and go to state 33
    STRING          shift and go to state 34
    LPAREN          shift and go to state 14
    NOT_BIT         shift and go to state 36
    NOT_BOOL        shift and go to state 37
    MINUS           shift and go to state 35
    HASH            shift and go to state 18
    LBRACKET        shift and go to state 17
    LIST            shift and go to state 38

    expression                     shift and go to state 12
    block                          shift and go to state 158
    statement_list                 shift and go to state 79
    statement                      shift and go to state 80
    assign                         shift and go to state 3
    declaration                    shift and go to state 4
    condition                      shift and go to state 5
    iteration                      shift and go to state 6
    func_decl                      shift and go to state 7
    return                         shift and go to state 8
    ctn                            shift and go to state 9
    brk                            shift and go to state 10
    onbrk                          shift and go to state 11
    array                          shift and go to state 19
    list_type_l                    shift and go to state 20
    list                           shift and go to state 21
    IDENTIFIER_EXPR                shift and go to state 30

state 136

    (77) func_decl -> FUNC HASH IDENTIFIER . LASSIGN WITH LPAREN param_list RPAREN FUNCARROW TYPE DO block DONE

    LASSIGN         shift and go to state 159


state 137

    (37) list_type_l -> LIST WITH TYPE .

    HASH            reduce using rule 37 (list_type_l -> LIST WITH TYPE .)


state 138

    (65) declaration -> expression RASSIGN IDENTIFIER HASH . TYPE

    TYPE            shift and go to state 160


state 139

    (61) statement -> PRINT LPAREN expression RPAREN .

    SEMICOLON       reduce using rule 61 (statement -> PRINT LPAREN expression RPAREN .)


state 140

    (45) arg_list -> expression COMMA arg_list .

    RPAREN          reduce using rule 45 (arg_list -> expression COMMA arg_list .)
    RBRACKET        reduce using rule 45 (arg_list -> expression COMMA arg_list .)


state 141

    (31) declaration -> IDENTIFIER HASH LBRACKET size . RBRACKET TYPE

    RBRACKET        shift and go to state 161


state 142

    (38) list_type_r -> TYPE WITH . LIST

    LIST            shift and go to state 162


state 143

    (36) expression -> IDENTIFIER LBRACKET INDEX RBRACKET .

    RASSIGN         reduce using rule 36 (expression -> IDENTIFIER LBRACKET INDEX RBRACKET .)
    PLUS            reduce using rule 36 (expression -> IDENTIFIER LBRACKET INDEX RBRACKET .)
    MINUS           reduce using rule 36 (expression -> IDENTIFIER LBRACKET INDEX RBRACKET .)
    TIMES           reduce using rule 36 (expression -> IDENTIFIER LBRACKET INDEX RBRACKET .)
    DIVIDE          reduce using rule 36 (expression -> IDENTIFIER LBRACKET INDEX RBRACKET .)
    AND_BIT         reduce using rule 36 (expression -> IDENTIFIER LBRACKET INDEX RBRACKET .)
    OR_BIT          reduce using rule 36 (expression -> IDENTIFIER LBRACKET INDEX RBRACKET .)
    MOD             reduce using rule 36 (expression -> IDENTIFIER LBRACKET INDEX RBRACKET .)
    XOR_BIT         reduce using rule 36 (expression -> IDENTIFIER LBRACKET INDEX RBRACKET .)
    SMALLER         reduce using rule 36 (expression -> IDENTIFIER LBRACKET INDEX RBRACKET .)
    GREATER         reduce using rule 36 (expression -> IDENTIFIER LBRACKET INDEX RBRACKET .)
    EQUALS          reduce using rule 36 (expression -> IDENTIFIER LBRACKET INDEX RBRACKET .)
    SMALLER_EQ      reduce using rule 36 (expression -> IDENTIFIER LBRACKET INDEX RBRACKET .)
    GREATER_EQ      reduce using rule 36 (expression -> IDENTIFIER LBRACKET INDEX RBRACKET .)
    NOT_EQ          reduce using rule 36 (expression -> IDENTIFIER LBRACKET INDEX RBRACKET .)
    AND_BOOL        reduce using rule 36 (expression -> IDENTIFIER LBRACKET INDEX RBRACKET .)
    OR_BOOL         reduce using rule 36 (expression -> IDENTIFIER LBRACKET INDEX RBRACKET .)
    XOR_BOOL        reduce using rule 36 (expression -> IDENTIFIER LBRACKET INDEX RBRACKET .)
    SEMICOLON       reduce using rule 36 (expression -> IDENTIFIER LBRACKET INDEX RBRACKET .)
    RPAREN          reduce using rule 36 (expression -> IDENTIFIER LBRACKET INDEX RBRACKET .)
    COMMA           reduce using rule 36 (expression -> IDENTIFIER LBRACKET INDEX RBRACKET .)
    RBRACKET        reduce using rule 36 (expression -> IDENTIFIER LBRACKET INDEX RBRACKET .)
    DO              reduce using rule 36 (expression -> IDENTIFIER LBRACKET INDEX RBRACKET .)


state 144

    (44) expression -> IDENTIFIER DOT GET LPAREN . INDEX RPAREN

    INDEX           shift and go to state 163


state 145

    (84) expression -> IDENTIFIER LPAREN param_call_list RPAREN .

    RASSIGN         reduce using rule 84 (expression -> IDENTIFIER LPAREN param_call_list RPAREN .)
    PLUS            reduce using rule 84 (expression -> IDENTIFIER LPAREN param_call_list RPAREN .)
    MINUS           reduce using rule 84 (expression -> IDENTIFIER LPAREN param_call_list RPAREN .)
    TIMES           reduce using rule 84 (expression -> IDENTIFIER LPAREN param_call_list RPAREN .)
    DIVIDE          reduce using rule 84 (expression -> IDENTIFIER LPAREN param_call_list RPAREN .)
    AND_BIT         reduce using rule 84 (expression -> IDENTIFIER LPAREN param_call_list RPAREN .)
    OR_BIT          reduce using rule 84 (expression -> IDENTIFIER LPAREN param_call_list RPAREN .)
    MOD             reduce using rule 84 (expression -> IDENTIFIER LPAREN param_call_list RPAREN .)
    XOR_BIT         reduce using rule 84 (expression -> IDENTIFIER LPAREN param_call_list RPAREN .)
    SMALLER         reduce using rule 84 (expression -> IDENTIFIER LPAREN param_call_list RPAREN .)
    GREATER         reduce using rule 84 (expression -> IDENTIFIER LPAREN param_call_list RPAREN .)
    EQUALS          reduce using rule 84 (expression -> IDENTIFIER LPAREN param_call_list RPAREN .)
    SMALLER_EQ      reduce using rule 84 (expression -> IDENTIFIER LPAREN param_call_list RPAREN .)
    GREATER_EQ      reduce using rule 84 (expression -> IDENTIFIER LPAREN param_call_list RPAREN .)
    NOT_EQ          reduce using rule 84 (expression -> IDENTIFIER LPAREN param_call_list RPAREN .)
    AND_BOOL        reduce using rule 84 (expression -> IDENTIFIER LPAREN param_call_list RPAREN .)
    OR_BOOL         reduce using rule 84 (expression -> IDENTIFIER LPAREN param_call_list RPAREN .)
    XOR_BOOL        reduce using rule 84 (expression -> IDENTIFIER LPAREN param_call_list RPAREN .)
    SEMICOLON       reduce using rule 84 (expression -> IDENTIFIER LPAREN param_call_list RPAREN .)
    RPAREN          reduce using rule 84 (expression -> IDENTIFIER LPAREN param_call_list RPAREN .)
    COMMA           reduce using rule 84 (expression -> IDENTIFIER LPAREN param_call_list RPAREN .)
    RBRACKET        reduce using rule 84 (expression -> IDENTIFIER LPAREN param_call_list RPAREN .)
    DO              reduce using rule 84 (expression -> IDENTIFIER LPAREN param_call_list RPAREN .)


state 146

    (81) param_call_list -> param_call_list COMMA . expression
    (2) expression -> . IDENTIFIER_EXPR
    (3) expression -> . NUMBER
    (4) expression -> . BOOLEAN
    (5) expression -> . CHAR
    (6) expression -> . STRING
    (7) expression -> . LPAREN expression RPAREN
    (8) expression -> . expression PLUS expression
    (9) expression -> . expression MINUS expression
    (10) expression -> . expression TIMES expression
    (11) expression -> . expression DIVIDE expression
    (12) expression -> . expression AND_BIT expression
    (13) expression -> . expression OR_BIT expression
    (14) expression -> . expression MOD expression
    (15) expression -> . expression XOR_BIT expression
    (16) expression -> . expression SMALLER expression
    (17) expression -> . expression GREATER expression
    (18) expression -> . expression EQUALS expression
    (19) expression -> . expression SMALLER_EQ expression
    (20) expression -> . expression GREATER_EQ expression
    (21) expression -> . expression NOT_EQ expression
    (22) expression -> . expression AND_BOOL expression
    (23) expression -> . expression OR_BOOL expression
    (24) expression -> . expression XOR_BOOL expression
    (25) expression -> . NOT_BIT expression
    (26) expression -> . NOT_BOOL expression
    (27) expression -> . MINUS expression
    (36) expression -> . IDENTIFIER LBRACKET INDEX RBRACKET
    (44) expression -> . IDENTIFIER DOT GET LPAREN INDEX RPAREN
    (47) expression -> . HASH WITH LPAREN param_list RPAREN FUNCARROW TYPE DO block DONE
    (83) expression -> . IDENTIFIER LPAREN RPAREN
    (84) expression -> . IDENTIFIER LPAREN param_call_list RPAREN
    (1) IDENTIFIER_EXPR -> . IDENTIFIER

    NUMBER          shift and go to state 31
    BOOLEAN         shift and go to state 32
    CHAR            shift and go to state 33
    STRING          shift and go to state 34
    LPAREN          shift and go to state 60
    NOT_BIT         shift and go to state 36
    NOT_BOOL        shift and go to state 37
    MINUS           shift and go to state 35
    IDENTIFIER      shift and go to state 63
    HASH            shift and go to state 18

    expression                     shift and go to state 164
    IDENTIFIER_EXPR                shift and go to state 30

state 147

    (28) declaration -> TYPE LBRACKET size RBRACKET . HASH IDENTIFIER LASSIGN array
    (29) declaration -> TYPE LBRACKET size RBRACKET . HASH IDENTIFIER

    HASH            shift and go to state 165


state 148

    (64) declaration -> TYPE HASH IDENTIFIER LASSIGN . expression
    (2) expression -> . IDENTIFIER_EXPR
    (3) expression -> . NUMBER
    (4) expression -> . BOOLEAN
    (5) expression -> . CHAR
    (6) expression -> . STRING
    (7) expression -> . LPAREN expression RPAREN
    (8) expression -> . expression PLUS expression
    (9) expression -> . expression MINUS expression
    (10) expression -> . expression TIMES expression
    (11) expression -> . expression DIVIDE expression
    (12) expression -> . expression AND_BIT expression
    (13) expression -> . expression OR_BIT expression
    (14) expression -> . expression MOD expression
    (15) expression -> . expression XOR_BIT expression
    (16) expression -> . expression SMALLER expression
    (17) expression -> . expression GREATER expression
    (18) expression -> . expression EQUALS expression
    (19) expression -> . expression SMALLER_EQ expression
    (20) expression -> . expression GREATER_EQ expression
    (21) expression -> . expression NOT_EQ expression
    (22) expression -> . expression AND_BOOL expression
    (23) expression -> . expression OR_BOOL expression
    (24) expression -> . expression XOR_BOOL expression
    (25) expression -> . NOT_BIT expression
    (26) expression -> . NOT_BOOL expression
    (27) expression -> . MINUS expression
    (36) expression -> . IDENTIFIER LBRACKET INDEX RBRACKET
    (44) expression -> . IDENTIFIER DOT GET LPAREN INDEX RPAREN
    (47) expression -> . HASH WITH LPAREN param_list RPAREN FUNCARROW TYPE DO block DONE
    (83) expression -> . IDENTIFIER LPAREN RPAREN
    (84) expression -> . IDENTIFIER LPAREN param_call_list RPAREN
    (1) IDENTIFIER_EXPR -> . IDENTIFIER

    NUMBER          shift and go to state 31
    BOOLEAN         shift and go to state 32
    CHAR            shift and go to state 33
    STRING          shift and go to state 34
    LPAREN          shift and go to state 60
    NOT_BIT         shift and go to state 36
    NOT_BOOL        shift and go to state 37
    MINUS           shift and go to state 35
    IDENTIFIER      shift and go to state 63
    HASH            shift and go to state 18

    expression                     shift and go to state 166
    IDENTIFIER_EXPR                shift and go to state 30

state 149

    (47) expression -> HASH WITH LPAREN param_list . RPAREN FUNCARROW TYPE DO block DONE
    (78) param_list -> param_list . COMMA param

    RPAREN          shift and go to state 167
    COMMA           shift and go to state 168


state 150

    (80) param -> TYPE . HASH IDENTIFIER

    HASH            shift and go to state 169


state 151

    (79) param_list -> param .

    RPAREN          reduce using rule 79 (param_list -> param .)
    COMMA           reduce using rule 79 (param_list -> param .)


state 152

    (30) declaration -> array RASSIGN IDENTIFIER HASH . LBRACKET size RBRACKET TYPE

    LBRACKET        shift and go to state 170


state 153

    (40) declaration -> list_type_l HASH IDENTIFIER LASSIGN . list
    (43) list -> . LPAREN arg_list RPAREN

    LPAREN          shift and go to state 172

    list                           shift and go to state 171

state 154

    (42) declaration -> list RASSIGN IDENTIFIER HASH . list_type_r
    (38) list_type_r -> . TYPE WITH LIST

    TYPE            shift and go to state 174

    list_type_r                    shift and go to state 173

state 155

    (68) condition -> IF expression DO block . DONE
    (69) condition -> IF expression DO block . ELSE DO block DONE
    (70) condition -> IF expression DO block . elif_list DONE
    (71) condition -> IF expression DO block . elif_list ELSE DO block DONE
    (73) elif_list -> . elif
    (74) elif_list -> . elif_list elif
    (72) elif -> . ELIF expression DO block

    DONE            shift and go to state 175
    ELSE            shift and go to state 176
    ELIF            shift and go to state 179

    elif_list                      shift and go to state 177
    elif                           shift and go to state 178

state 156

    (76) iteration -> DO block DONE UNTIL . expression
    (2) expression -> . IDENTIFIER_EXPR
    (3) expression -> . NUMBER
    (4) expression -> . BOOLEAN
    (5) expression -> . CHAR
    (6) expression -> . STRING
    (7) expression -> . LPAREN expression RPAREN
    (8) expression -> . expression PLUS expression
    (9) expression -> . expression MINUS expression
    (10) expression -> . expression TIMES expression
    (11) expression -> . expression DIVIDE expression
    (12) expression -> . expression AND_BIT expression
    (13) expression -> . expression OR_BIT expression
    (14) expression -> . expression MOD expression
    (15) expression -> . expression XOR_BIT expression
    (16) expression -> . expression SMALLER expression
    (17) expression -> . expression GREATER expression
    (18) expression -> . expression EQUALS expression
    (19) expression -> . expression SMALLER_EQ expression
    (20) expression -> . expression GREATER_EQ expression
    (21) expression -> . expression NOT_EQ expression
    (22) expression -> . expression AND_BOOL expression
    (23) expression -> . expression OR_BOOL expression
    (24) expression -> . expression XOR_BOOL expression
    (25) expression -> . NOT_BIT expression
    (26) expression -> . NOT_BOOL expression
    (27) expression -> . MINUS expression
    (36) expression -> . IDENTIFIER LBRACKET INDEX RBRACKET
    (44) expression -> . IDENTIFIER DOT GET LPAREN INDEX RPAREN
    (47) expression -> . HASH WITH LPAREN param_list RPAREN FUNCARROW TYPE DO block DONE
    (83) expression -> . IDENTIFIER LPAREN RPAREN
    (84) expression -> . IDENTIFIER LPAREN param_call_list RPAREN
    (1) IDENTIFIER_EXPR -> . IDENTIFIER

    NUMBER          shift and go to state 31
    BOOLEAN         shift and go to state 32
    CHAR            shift and go to state 33
    STRING          shift and go to state 34
    LPAREN          shift and go to state 60
    NOT_BIT         shift and go to state 36
    NOT_BOOL        shift and go to state 37
    MINUS           shift and go to state 35
    IDENTIFIER      shift and go to state 63
    HASH            shift and go to state 18

    expression                     shift and go to state 180
    IDENTIFIER_EXPR                shift and go to state 30

state 157

    (59) statement_list -> statement_list statement SEMICOLON .

    PRINT           reduce using rule 59 (statement_list -> statement_list statement SEMICOLON .)
    IDENTIFIER      reduce using rule 59 (statement_list -> statement_list statement SEMICOLON .)
    TYPE            reduce using rule 59 (statement_list -> statement_list statement SEMICOLON .)
    IF              reduce using rule 59 (statement_list -> statement_list statement SEMICOLON .)
    UNTIL           reduce using rule 59 (statement_list -> statement_list statement SEMICOLON .)
    DO              reduce using rule 59 (statement_list -> statement_list statement SEMICOLON .)
    FUNC            reduce using rule 59 (statement_list -> statement_list statement SEMICOLON .)
    RETURN          reduce using rule 59 (statement_list -> statement_list statement SEMICOLON .)
    CONTINUE        reduce using rule 59 (statement_list -> statement_list statement SEMICOLON .)
    BREAK           reduce using rule 59 (statement_list -> statement_list statement SEMICOLON .)
    ONBREAK         reduce using rule 59 (statement_list -> statement_list statement SEMICOLON .)
    NUMBER          reduce using rule 59 (statement_list -> statement_list statement SEMICOLON .)
    BOOLEAN         reduce using rule 59 (statement_list -> statement_list statement SEMICOLON .)
    CHAR            reduce using rule 59 (statement_list -> statement_list statement SEMICOLON .)
    STRING          reduce using rule 59 (statement_list -> statement_list statement SEMICOLON .)
    LPAREN          reduce using rule 59 (statement_list -> statement_list statement SEMICOLON .)
    NOT_BIT         reduce using rule 59 (statement_list -> statement_list statement SEMICOLON .)
    NOT_BOOL        reduce using rule 59 (statement_list -> statement_list statement SEMICOLON .)
    MINUS           reduce using rule 59 (statement_list -> statement_list statement SEMICOLON .)
    HASH            reduce using rule 59 (statement_list -> statement_list statement SEMICOLON .)
    LBRACKET        reduce using rule 59 (statement_list -> statement_list statement SEMICOLON .)
    LIST            reduce using rule 59 (statement_list -> statement_list statement SEMICOLON .)
    DONE            reduce using rule 59 (statement_list -> statement_list statement SEMICOLON .)
    ELSE            reduce using rule 59 (statement_list -> statement_list statement SEMICOLON .)
    ELIF            reduce using rule 59 (statement_list -> statement_list statement SEMICOLON .)


state 158

    (75) iteration -> UNTIL expression DO block . DONE

    DONE            shift and go to state 181


state 159

    (77) func_decl -> FUNC HASH IDENTIFIER LASSIGN . WITH LPAREN param_list RPAREN FUNCARROW TYPE DO block DONE

    WITH            shift and go to state 182


state 160

    (65) declaration -> expression RASSIGN IDENTIFIER HASH TYPE .

    SEMICOLON       reduce using rule 65 (declaration -> expression RASSIGN IDENTIFIER HASH TYPE .)


state 161

    (31) declaration -> IDENTIFIER HASH LBRACKET size RBRACKET . TYPE

    TYPE            shift and go to state 183


state 162

    (38) list_type_r -> TYPE WITH LIST .

    SEMICOLON       reduce using rule 38 (list_type_r -> TYPE WITH LIST .)


state 163

    (44) expression -> IDENTIFIER DOT GET LPAREN INDEX . RPAREN

    RPAREN          shift and go to state 184


state 164

    (81) param_call_list -> param_call_list COMMA expression .
    (8) expression -> expression . PLUS expression
    (9) expression -> expression . MINUS expression
    (10) expression -> expression . TIMES expression
    (11) expression -> expression . DIVIDE expression
    (12) expression -> expression . AND_BIT expression
    (13) expression -> expression . OR_BIT expression
    (14) expression -> expression . MOD expression
    (15) expression -> expression . XOR_BIT expression
    (16) expression -> expression . SMALLER expression
    (17) expression -> expression . GREATER expression
    (18) expression -> expression . EQUALS expression
    (19) expression -> expression . SMALLER_EQ expression
    (20) expression -> expression . GREATER_EQ expression
    (21) expression -> expression . NOT_EQ expression
    (22) expression -> expression . AND_BOOL expression
    (23) expression -> expression . OR_BOOL expression
    (24) expression -> expression . XOR_BOOL expression

    RPAREN          reduce using rule 81 (param_call_list -> param_call_list COMMA expression .)
    COMMA           reduce using rule 81 (param_call_list -> param_call_list COMMA expression .)
    PLUS            shift and go to state 42
    MINUS           shift and go to state 43
    TIMES           shift and go to state 44
    DIVIDE          shift and go to state 45
    AND_BIT         shift and go to state 46
    OR_BIT          shift and go to state 47
    MOD             shift and go to state 48
    XOR_BIT         shift and go to state 49
    SMALLER         shift and go to state 50
    GREATER         shift and go to state 51
    EQUALS          shift and go to state 52
    SMALLER_EQ      shift and go to state 53
    GREATER_EQ      shift and go to state 54
    NOT_EQ          shift and go to state 55
    AND_BOOL        shift and go to state 56
    OR_BOOL         shift and go to state 57
    XOR_BOOL        shift and go to state 58


state 165

    (28) declaration -> TYPE LBRACKET size RBRACKET HASH . IDENTIFIER LASSIGN array
    (29) declaration -> TYPE LBRACKET size RBRACKET HASH . IDENTIFIER

    IDENTIFIER      shift and go to state 185


state 166

    (64) declaration -> TYPE HASH IDENTIFIER LASSIGN expression .
    (8) expression -> expression . PLUS expression
    (9) expression -> expression . MINUS expression
    (10) expression -> expression . TIMES expression
    (11) expression -> expression . DIVIDE expression
    (12) expression -> expression . AND_BIT expression
    (13) expression -> expression . OR_BIT expression
    (14) expression -> expression . MOD expression
    (15) expression -> expression . XOR_BIT expression
    (16) expression -> expression . SMALLER expression
    (17) expression -> expression . GREATER expression
    (18) expression -> expression . EQUALS expression
    (19) expression -> expression . SMALLER_EQ expression
    (20) expression -> expression . GREATER_EQ expression
    (21) expression -> expression . NOT_EQ expression
    (22) expression -> expression . AND_BOOL expression
    (23) expression -> expression . OR_BOOL expression
    (24) expression -> expression . XOR_BOOL expression

    SEMICOLON       reduce using rule 64 (declaration -> TYPE HASH IDENTIFIER LASSIGN expression .)
    PLUS            shift and go to state 42
    MINUS           shift and go to state 43
    TIMES           shift and go to state 44
    DIVIDE          shift and go to state 45
    AND_BIT         shift and go to state 46
    OR_BIT          shift and go to state 47
    MOD             shift and go to state 48
    XOR_BIT         shift and go to state 49
    SMALLER         shift and go to state 50
    GREATER         shift and go to state 51
    EQUALS          shift and go to state 52
    SMALLER_EQ      shift and go to state 53
    GREATER_EQ      shift and go to state 54
    NOT_EQ          shift and go to state 55
    AND_BOOL        shift and go to state 56
    OR_BOOL         shift and go to state 57
    XOR_BOOL        shift and go to state 58


state 167

    (47) expression -> HASH WITH LPAREN param_list RPAREN . FUNCARROW TYPE DO block DONE

    FUNCARROW       shift and go to state 186


state 168

    (78) param_list -> param_list COMMA . param
    (80) param -> . TYPE HASH IDENTIFIER

    TYPE            shift and go to state 150

    param                          shift and go to state 187

state 169

    (80) param -> TYPE HASH . IDENTIFIER

    IDENTIFIER      shift and go to state 188


state 170

    (30) declaration -> array RASSIGN IDENTIFIER HASH LBRACKET . size RBRACKET TYPE
    (32) size -> . INDEX
    (33) size -> . empty
    (34) empty -> .

    INDEX           shift and go to state 123
    RBRACKET        reduce using rule 34 (empty -> .)

    size                           shift and go to state 189
    empty                          shift and go to state 124

state 171

    (40) declaration -> list_type_l HASH IDENTIFIER LASSIGN list .

    SEMICOLON       reduce using rule 40 (declaration -> list_type_l HASH IDENTIFIER LASSIGN list .)


state 172

    (43) list -> LPAREN . arg_list RPAREN
    (45) arg_list -> . expression COMMA arg_list
    (46) arg_list -> . expression
    (2) expression -> . IDENTIFIER_EXPR
    (3) expression -> . NUMBER
    (4) expression -> . BOOLEAN
    (5) expression -> . CHAR
    (6) expression -> . STRING
    (7) expression -> . LPAREN expression RPAREN
    (8) expression -> . expression PLUS expression
    (9) expression -> . expression MINUS expression
    (10) expression -> . expression TIMES expression
    (11) expression -> . expression DIVIDE expression
    (12) expression -> . expression AND_BIT expression
    (13) expression -> . expression OR_BIT expression
    (14) expression -> . expression MOD expression
    (15) expression -> . expression XOR_BIT expression
    (16) expression -> . expression SMALLER expression
    (17) expression -> . expression GREATER expression
    (18) expression -> . expression EQUALS expression
    (19) expression -> . expression SMALLER_EQ expression
    (20) expression -> . expression GREATER_EQ expression
    (21) expression -> . expression NOT_EQ expression
    (22) expression -> . expression AND_BOOL expression
    (23) expression -> . expression OR_BOOL expression
    (24) expression -> . expression XOR_BOOL expression
    (25) expression -> . NOT_BIT expression
    (26) expression -> . NOT_BOOL expression
    (27) expression -> . MINUS expression
    (36) expression -> . IDENTIFIER LBRACKET INDEX RBRACKET
    (44) expression -> . IDENTIFIER DOT GET LPAREN INDEX RPAREN
    (47) expression -> . HASH WITH LPAREN param_list RPAREN FUNCARROW TYPE DO block DONE
    (83) expression -> . IDENTIFIER LPAREN RPAREN
    (84) expression -> . IDENTIFIER LPAREN param_call_list RPAREN
    (1) IDENTIFIER_EXPR -> . IDENTIFIER

    NUMBER          shift and go to state 31
    BOOLEAN         shift and go to state 32
    CHAR            shift and go to state 33
    STRING          shift and go to state 34
    LPAREN          shift and go to state 60
    NOT_BIT         shift and go to state 36
    NOT_BOOL        shift and go to state 37
    MINUS           shift and go to state 35
    IDENTIFIER      shift and go to state 63
    HASH            shift and go to state 18

    arg_list                       shift and go to state 62
    expression                     shift and go to state 72
    IDENTIFIER_EXPR                shift and go to state 30

state 173

    (42) declaration -> list RASSIGN IDENTIFIER HASH list_type_r .

    SEMICOLON       reduce using rule 42 (declaration -> list RASSIGN IDENTIFIER HASH list_type_r .)


state 174

    (38) list_type_r -> TYPE . WITH LIST

    WITH            shift and go to state 142


state 175

    (68) condition -> IF expression DO block DONE .

    SEMICOLON       reduce using rule 68 (condition -> IF expression DO block DONE .)


state 176

    (69) condition -> IF expression DO block ELSE . DO block DONE

    DO              shift and go to state 190


state 177

    (70) condition -> IF expression DO block elif_list . DONE
    (71) condition -> IF expression DO block elif_list . ELSE DO block DONE
    (74) elif_list -> elif_list . elif
    (72) elif -> . ELIF expression DO block

    DONE            shift and go to state 191
    ELSE            shift and go to state 192
    ELIF            shift and go to state 179

    elif                           shift and go to state 193

state 178

    (73) elif_list -> elif .

    DONE            reduce using rule 73 (elif_list -> elif .)
    ELSE            reduce using rule 73 (elif_list -> elif .)
    ELIF            reduce using rule 73 (elif_list -> elif .)


state 179

    (72) elif -> ELIF . expression DO block
    (2) expression -> . IDENTIFIER_EXPR
    (3) expression -> . NUMBER
    (4) expression -> . BOOLEAN
    (5) expression -> . CHAR
    (6) expression -> . STRING
    (7) expression -> . LPAREN expression RPAREN
    (8) expression -> . expression PLUS expression
    (9) expression -> . expression MINUS expression
    (10) expression -> . expression TIMES expression
    (11) expression -> . expression DIVIDE expression
    (12) expression -> . expression AND_BIT expression
    (13) expression -> . expression OR_BIT expression
    (14) expression -> . expression MOD expression
    (15) expression -> . expression XOR_BIT expression
    (16) expression -> . expression SMALLER expression
    (17) expression -> . expression GREATER expression
    (18) expression -> . expression EQUALS expression
    (19) expression -> . expression SMALLER_EQ expression
    (20) expression -> . expression GREATER_EQ expression
    (21) expression -> . expression NOT_EQ expression
    (22) expression -> . expression AND_BOOL expression
    (23) expression -> . expression OR_BOOL expression
    (24) expression -> . expression XOR_BOOL expression
    (25) expression -> . NOT_BIT expression
    (26) expression -> . NOT_BOOL expression
    (27) expression -> . MINUS expression
    (36) expression -> . IDENTIFIER LBRACKET INDEX RBRACKET
    (44) expression -> . IDENTIFIER DOT GET LPAREN INDEX RPAREN
    (47) expression -> . HASH WITH LPAREN param_list RPAREN FUNCARROW TYPE DO block DONE
    (83) expression -> . IDENTIFIER LPAREN RPAREN
    (84) expression -> . IDENTIFIER LPAREN param_call_list RPAREN
    (1) IDENTIFIER_EXPR -> . IDENTIFIER

    NUMBER          shift and go to state 31
    BOOLEAN         shift and go to state 32
    CHAR            shift and go to state 33
    STRING          shift and go to state 34
    LPAREN          shift and go to state 60
    NOT_BIT         shift and go to state 36
    NOT_BOOL        shift and go to state 37
    MINUS           shift and go to state 35
    IDENTIFIER      shift and go to state 63
    HASH            shift and go to state 18

    expression                     shift and go to state 194
    IDENTIFIER_EXPR                shift and go to state 30

state 180

    (76) iteration -> DO block DONE UNTIL expression .
    (8) expression -> expression . PLUS expression
    (9) expression -> expression . MINUS expression
    (10) expression -> expression . TIMES expression
    (11) expression -> expression . DIVIDE expression
    (12) expression -> expression . AND_BIT expression
    (13) expression -> expression . OR_BIT expression
    (14) expression -> expression . MOD expression
    (15) expression -> expression . XOR_BIT expression
    (16) expression -> expression . SMALLER expression
    (17) expression -> expression . GREATER expression
    (18) expression -> expression . EQUALS expression
    (19) expression -> expression . SMALLER_EQ expression
    (20) expression -> expression . GREATER_EQ expression
    (21) expression -> expression . NOT_EQ expression
    (22) expression -> expression . AND_BOOL expression
    (23) expression -> expression . OR_BOOL expression
    (24) expression -> expression . XOR_BOOL expression

    SEMICOLON       reduce using rule 76 (iteration -> DO block DONE UNTIL expression .)
    PLUS            shift and go to state 42
    MINUS           shift and go to state 43
    TIMES           shift and go to state 44
    DIVIDE          shift and go to state 45
    AND_BIT         shift and go to state 46
    OR_BIT          shift and go to state 47
    MOD             shift and go to state 48
    XOR_BIT         shift and go to state 49
    SMALLER         shift and go to state 50
    GREATER         shift and go to state 51
    EQUALS          shift and go to state 52
    SMALLER_EQ      shift and go to state 53
    GREATER_EQ      shift and go to state 54
    NOT_EQ          shift and go to state 55
    AND_BOOL        shift and go to state 56
    OR_BOOL         shift and go to state 57
    XOR_BOOL        shift and go to state 58


state 181

    (75) iteration -> UNTIL expression DO block DONE .

    SEMICOLON       reduce using rule 75 (iteration -> UNTIL expression DO block DONE .)


state 182

    (77) func_decl -> FUNC HASH IDENTIFIER LASSIGN WITH . LPAREN param_list RPAREN FUNCARROW TYPE DO block DONE

    LPAREN          shift and go to state 195


state 183

    (31) declaration -> IDENTIFIER HASH LBRACKET size RBRACKET TYPE .

    SEMICOLON       reduce using rule 31 (declaration -> IDENTIFIER HASH LBRACKET size RBRACKET TYPE .)


state 184

    (44) expression -> IDENTIFIER DOT GET LPAREN INDEX RPAREN .

    RASSIGN         reduce using rule 44 (expression -> IDENTIFIER DOT GET LPAREN INDEX RPAREN .)
    PLUS            reduce using rule 44 (expression -> IDENTIFIER DOT GET LPAREN INDEX RPAREN .)
    MINUS           reduce using rule 44 (expression -> IDENTIFIER DOT GET LPAREN INDEX RPAREN .)
    TIMES           reduce using rule 44 (expression -> IDENTIFIER DOT GET LPAREN INDEX RPAREN .)
    DIVIDE          reduce using rule 44 (expression -> IDENTIFIER DOT GET LPAREN INDEX RPAREN .)
    AND_BIT         reduce using rule 44 (expression -> IDENTIFIER DOT GET LPAREN INDEX RPAREN .)
    OR_BIT          reduce using rule 44 (expression -> IDENTIFIER DOT GET LPAREN INDEX RPAREN .)
    MOD             reduce using rule 44 (expression -> IDENTIFIER DOT GET LPAREN INDEX RPAREN .)
    XOR_BIT         reduce using rule 44 (expression -> IDENTIFIER DOT GET LPAREN INDEX RPAREN .)
    SMALLER         reduce using rule 44 (expression -> IDENTIFIER DOT GET LPAREN INDEX RPAREN .)
    GREATER         reduce using rule 44 (expression -> IDENTIFIER DOT GET LPAREN INDEX RPAREN .)
    EQUALS          reduce using rule 44 (expression -> IDENTIFIER DOT GET LPAREN INDEX RPAREN .)
    SMALLER_EQ      reduce using rule 44 (expression -> IDENTIFIER DOT GET LPAREN INDEX RPAREN .)
    GREATER_EQ      reduce using rule 44 (expression -> IDENTIFIER DOT GET LPAREN INDEX RPAREN .)
    NOT_EQ          reduce using rule 44 (expression -> IDENTIFIER DOT GET LPAREN INDEX RPAREN .)
    AND_BOOL        reduce using rule 44 (expression -> IDENTIFIER DOT GET LPAREN INDEX RPAREN .)
    OR_BOOL         reduce using rule 44 (expression -> IDENTIFIER DOT GET LPAREN INDEX RPAREN .)
    XOR_BOOL        reduce using rule 44 (expression -> IDENTIFIER DOT GET LPAREN INDEX RPAREN .)
    SEMICOLON       reduce using rule 44 (expression -> IDENTIFIER DOT GET LPAREN INDEX RPAREN .)
    RPAREN          reduce using rule 44 (expression -> IDENTIFIER DOT GET LPAREN INDEX RPAREN .)
    COMMA           reduce using rule 44 (expression -> IDENTIFIER DOT GET LPAREN INDEX RPAREN .)
    RBRACKET        reduce using rule 44 (expression -> IDENTIFIER DOT GET LPAREN INDEX RPAREN .)
    DO              reduce using rule 44 (expression -> IDENTIFIER DOT GET LPAREN INDEX RPAREN .)


state 185

    (28) declaration -> TYPE LBRACKET size RBRACKET HASH IDENTIFIER . LASSIGN array
    (29) declaration -> TYPE LBRACKET size RBRACKET HASH IDENTIFIER .

    LASSIGN         shift and go to state 196
    SEMICOLON       reduce using rule 29 (declaration -> TYPE LBRACKET size RBRACKET HASH IDENTIFIER .)


state 186

    (47) expression -> HASH WITH LPAREN param_list RPAREN FUNCARROW . TYPE DO block DONE

    TYPE            shift and go to state 197


state 187

    (78) param_list -> param_list COMMA param .

    RPAREN          reduce using rule 78 (param_list -> param_list COMMA param .)
    COMMA           reduce using rule 78 (param_list -> param_list COMMA param .)


state 188

    (80) param -> TYPE HASH IDENTIFIER .

    RPAREN          reduce using rule 80 (param -> TYPE HASH IDENTIFIER .)
    COMMA           reduce using rule 80 (param -> TYPE HASH IDENTIFIER .)


state 189

    (30) declaration -> array RASSIGN IDENTIFIER HASH LBRACKET size . RBRACKET TYPE

    RBRACKET        shift and go to state 198


state 190

    (69) condition -> IF expression DO block ELSE DO . block DONE
    (58) block -> . statement_list
    (59) statement_list -> . statement_list statement SEMICOLON
    (60) statement_list -> . statement SEMICOLON
    (48) statement -> . assign
    (49) statement -> . declaration
    (50) statement -> . condition
    (51) statement -> . iteration
    (52) statement -> . func_decl
    (53) statement -> . return
    (54) statement -> . ctn
    (55) statement -> . brk
    (56) statement -> . onbrk
    (57) statement -> . expression
    (61) statement -> . PRINT LPAREN expression RPAREN
    (62) assign -> . IDENTIFIER LASSIGN expression
    (63) assign -> . expression RASSIGN IDENTIFIER
    (28) declaration -> . TYPE LBRACKET size RBRACKET HASH IDENTIFIER LASSIGN array
    (29) declaration -> . TYPE LBRACKET size RBRACKET HASH IDENTIFIER
    (30) declaration -> . array RASSIGN IDENTIFIER HASH LBRACKET size RBRACKET TYPE
    (31) declaration -> . IDENTIFIER HASH LBRACKET size RBRACKET TYPE
    (39) declaration -> . list_type_l HASH IDENTIFIER
    (40) declaration -> . list_type_l HASH IDENTIFIER LASSIGN list
    (41) declaration -> . IDENTIFIER HASH list_type_r
    (42) declaration -> . list RASSIGN IDENTIFIER HASH list_type_r
    (64) declaration -> . TYPE HASH IDENTIFIER LASSIGN expression
    (65) declaration -> . expression RASSIGN IDENTIFIER HASH TYPE
    (66) declaration -> . TYPE HASH IDENTIFIER
    (67) declaration -> . IDENTIFIER HASH TYPE
    (68) condition -> . IF expression DO block DONE
    (69) condition -> . IF expression DO block ELSE DO block DONE
    (70) condition -> . IF expression DO block elif_list DONE
    (71) condition -> . IF expression DO block elif_list ELSE DO block DONE
    (75) iteration -> . UNTIL expression DO block DONE
    (76) iteration -> . DO block DONE UNTIL expression
    (77) func_decl -> . FUNC HASH IDENTIFIER LASSIGN WITH LPAREN param_list RPAREN FUNCARROW TYPE DO block DONE
    (85) return -> . RETURN expression
    (86) ctn -> . CONTINUE
    (87) brk -> . BREAK
    (88) onbrk -> . ONBREAK statement
    (2) expression -> . IDENTIFIER_EXPR
    (3) expression -> . NUMBER
    (4) expression -> . BOOLEAN
    (5) expression -> . CHAR
    (6) expression -> . STRING
    (7) expression -> . LPAREN expression RPAREN
    (8) expression -> . expression PLUS expression
    (9) expression -> . expression MINUS expression
    (10) expression -> . expression TIMES expression
    (11) expression -> . expression DIVIDE expression
    (12) expression -> . expression AND_BIT expression
    (13) expression -> . expression OR_BIT expression
    (14) expression -> . expression MOD expression
    (15) expression -> . expression XOR_BIT expression
    (16) expression -> . expression SMALLER expression
    (17) expression -> . expression GREATER expression
    (18) expression -> . expression EQUALS expression
    (19) expression -> . expression SMALLER_EQ expression
    (20) expression -> . expression GREATER_EQ expression
    (21) expression -> . expression NOT_EQ expression
    (22) expression -> . expression AND_BOOL expression
    (23) expression -> . expression OR_BOOL expression
    (24) expression -> . expression XOR_BOOL expression
    (25) expression -> . NOT_BIT expression
    (26) expression -> . NOT_BOOL expression
    (27) expression -> . MINUS expression
    (36) expression -> . IDENTIFIER LBRACKET INDEX RBRACKET
    (44) expression -> . IDENTIFIER DOT GET LPAREN INDEX RPAREN
    (47) expression -> . HASH WITH LPAREN param_list RPAREN FUNCARROW TYPE DO block DONE
    (83) expression -> . IDENTIFIER LPAREN RPAREN
    (84) expression -> . IDENTIFIER LPAREN param_call_list RPAREN
    (35) array -> . LBRACKET arg_list RBRACKET
    (37) list_type_l -> . LIST WITH TYPE
    (43) list -> . LPAREN arg_list RPAREN
    (1) IDENTIFIER_EXPR -> . IDENTIFIER

    PRINT           shift and go to state 13
    IDENTIFIER      shift and go to state 15
    TYPE            shift and go to state 16
    IF              shift and go to state 22
    UNTIL           shift and go to state 24
    DO              shift and go to state 23
    FUNC            shift and go to state 25
    RETURN          shift and go to state 26
    CONTINUE        shift and go to state 27
    BREAK           shift and go to state 28
    ONBREAK         shift and go to state 29
    NUMBER          shift and go to state 31
    BOOLEAN         shift and go to state 32
    CHAR            shift and go to state 33
    STRING          shift and go to state 34
    LPAREN          shift and go to state 14
    NOT_BIT         shift and go to state 36
    NOT_BOOL        shift and go to state 37
    MINUS           shift and go to state 35
    HASH            shift and go to state 18
    LBRACKET        shift and go to state 17
    LIST            shift and go to state 38

    expression                     shift and go to state 12
    block                          shift and go to state 199
    statement_list                 shift and go to state 79
    statement                      shift and go to state 80
    assign                         shift and go to state 3
    declaration                    shift and go to state 4
    condition                      shift and go to state 5
    iteration                      shift and go to state 6
    func_decl                      shift and go to state 7
    return                         shift and go to state 8
    ctn                            shift and go to state 9
    brk                            shift and go to state 10
    onbrk                          shift and go to state 11
    array                          shift and go to state 19
    list_type_l                    shift and go to state 20
    list                           shift and go to state 21
    IDENTIFIER_EXPR                shift and go to state 30

state 191

    (70) condition -> IF expression DO block elif_list DONE .

    SEMICOLON       reduce using rule 70 (condition -> IF expression DO block elif_list DONE .)


state 192

    (71) condition -> IF expression DO block elif_list ELSE . DO block DONE

    DO              shift and go to state 200


state 193

    (74) elif_list -> elif_list elif .

    DONE            reduce using rule 74 (elif_list -> elif_list elif .)
    ELSE            reduce using rule 74 (elif_list -> elif_list elif .)
    ELIF            reduce using rule 74 (elif_list -> elif_list elif .)


state 194

    (72) elif -> ELIF expression . DO block
    (8) expression -> expression . PLUS expression
    (9) expression -> expression . MINUS expression
    (10) expression -> expression . TIMES expression
    (11) expression -> expression . DIVIDE expression
    (12) expression -> expression . AND_BIT expression
    (13) expression -> expression . OR_BIT expression
    (14) expression -> expression . MOD expression
    (15) expression -> expression . XOR_BIT expression
    (16) expression -> expression . SMALLER expression
    (17) expression -> expression . GREATER expression
    (18) expression -> expression . EQUALS expression
    (19) expression -> expression . SMALLER_EQ expression
    (20) expression -> expression . GREATER_EQ expression
    (21) expression -> expression . NOT_EQ expression
    (22) expression -> expression . AND_BOOL expression
    (23) expression -> expression . OR_BOOL expression
    (24) expression -> expression . XOR_BOOL expression

    DO              shift and go to state 201
    PLUS            shift and go to state 42
    MINUS           shift and go to state 43
    TIMES           shift and go to state 44
    DIVIDE          shift and go to state 45
    AND_BIT         shift and go to state 46
    OR_BIT          shift and go to state 47
    MOD             shift and go to state 48
    XOR_BIT         shift and go to state 49
    SMALLER         shift and go to state 50
    GREATER         shift and go to state 51
    EQUALS          shift and go to state 52
    SMALLER_EQ      shift and go to state 53
    GREATER_EQ      shift and go to state 54
    NOT_EQ          shift and go to state 55
    AND_BOOL        shift and go to state 56
    OR_BOOL         shift and go to state 57
    XOR_BOOL        shift and go to state 58


state 195

    (77) func_decl -> FUNC HASH IDENTIFIER LASSIGN WITH LPAREN . param_list RPAREN FUNCARROW TYPE DO block DONE
    (78) param_list -> . param_list COMMA param
    (79) param_list -> . param
    (80) param -> . TYPE HASH IDENTIFIER

    TYPE            shift and go to state 150

    param_list                     shift and go to state 202
    param                          shift and go to state 151

state 196

    (28) declaration -> TYPE LBRACKET size RBRACKET HASH IDENTIFIER LASSIGN . array
    (35) array -> . LBRACKET arg_list RBRACKET

    LBRACKET        shift and go to state 17

    array                          shift and go to state 203

state 197

    (47) expression -> HASH WITH LPAREN param_list RPAREN FUNCARROW TYPE . DO block DONE

    DO              shift and go to state 204


state 198

    (30) declaration -> array RASSIGN IDENTIFIER HASH LBRACKET size RBRACKET . TYPE

    TYPE            shift and go to state 205


state 199

    (69) condition -> IF expression DO block ELSE DO block . DONE

    DONE            shift and go to state 206


state 200

    (71) condition -> IF expression DO block elif_list ELSE DO . block DONE
    (58) block -> . statement_list
    (59) statement_list -> . statement_list statement SEMICOLON
    (60) statement_list -> . statement SEMICOLON
    (48) statement -> . assign
    (49) statement -> . declaration
    (50) statement -> . condition
    (51) statement -> . iteration
    (52) statement -> . func_decl
    (53) statement -> . return
    (54) statement -> . ctn
    (55) statement -> . brk
    (56) statement -> . onbrk
    (57) statement -> . expression
    (61) statement -> . PRINT LPAREN expression RPAREN
    (62) assign -> . IDENTIFIER LASSIGN expression
    (63) assign -> . expression RASSIGN IDENTIFIER
    (28) declaration -> . TYPE LBRACKET size RBRACKET HASH IDENTIFIER LASSIGN array
    (29) declaration -> . TYPE LBRACKET size RBRACKET HASH IDENTIFIER
    (30) declaration -> . array RASSIGN IDENTIFIER HASH LBRACKET size RBRACKET TYPE
    (31) declaration -> . IDENTIFIER HASH LBRACKET size RBRACKET TYPE
    (39) declaration -> . list_type_l HASH IDENTIFIER
    (40) declaration -> . list_type_l HASH IDENTIFIER LASSIGN list
    (41) declaration -> . IDENTIFIER HASH list_type_r
    (42) declaration -> . list RASSIGN IDENTIFIER HASH list_type_r
    (64) declaration -> . TYPE HASH IDENTIFIER LASSIGN expression
    (65) declaration -> . expression RASSIGN IDENTIFIER HASH TYPE
    (66) declaration -> . TYPE HASH IDENTIFIER
    (67) declaration -> . IDENTIFIER HASH TYPE
    (68) condition -> . IF expression DO block DONE
    (69) condition -> . IF expression DO block ELSE DO block DONE
    (70) condition -> . IF expression DO block elif_list DONE
    (71) condition -> . IF expression DO block elif_list ELSE DO block DONE
    (75) iteration -> . UNTIL expression DO block DONE
    (76) iteration -> . DO block DONE UNTIL expression
    (77) func_decl -> . FUNC HASH IDENTIFIER LASSIGN WITH LPAREN param_list RPAREN FUNCARROW TYPE DO block DONE
    (85) return -> . RETURN expression
    (86) ctn -> . CONTINUE
    (87) brk -> . BREAK
    (88) onbrk -> . ONBREAK statement
    (2) expression -> . IDENTIFIER_EXPR
    (3) expression -> . NUMBER
    (4) expression -> . BOOLEAN
    (5) expression -> . CHAR
    (6) expression -> . STRING
    (7) expression -> . LPAREN expression RPAREN
    (8) expression -> . expression PLUS expression
    (9) expression -> . expression MINUS expression
    (10) expression -> . expression TIMES expression
    (11) expression -> . expression DIVIDE expression
    (12) expression -> . expression AND_BIT expression
    (13) expression -> . expression OR_BIT expression
    (14) expression -> . expression MOD expression
    (15) expression -> . expression XOR_BIT expression
    (16) expression -> . expression SMALLER expression
    (17) expression -> . expression GREATER expression
    (18) expression -> . expression EQUALS expression
    (19) expression -> . expression SMALLER_EQ expression
    (20) expression -> . expression GREATER_EQ expression
    (21) expression -> . expression NOT_EQ expression
    (22) expression -> . expression AND_BOOL expression
    (23) expression -> . expression OR_BOOL expression
    (24) expression -> . expression XOR_BOOL expression
    (25) expression -> . NOT_BIT expression
    (26) expression -> . NOT_BOOL expression
    (27) expression -> . MINUS expression
    (36) expression -> . IDENTIFIER LBRACKET INDEX RBRACKET
    (44) expression -> . IDENTIFIER DOT GET LPAREN INDEX RPAREN
    (47) expression -> . HASH WITH LPAREN param_list RPAREN FUNCARROW TYPE DO block DONE
    (83) expression -> . IDENTIFIER LPAREN RPAREN
    (84) expression -> . IDENTIFIER LPAREN param_call_list RPAREN
    (35) array -> . LBRACKET arg_list RBRACKET
    (37) list_type_l -> . LIST WITH TYPE
    (43) list -> . LPAREN arg_list RPAREN
    (1) IDENTIFIER_EXPR -> . IDENTIFIER

    PRINT           shift and go to state 13
    IDENTIFIER      shift and go to state 15
    TYPE            shift and go to state 16
    IF              shift and go to state 22
    UNTIL           shift and go to state 24
    DO              shift and go to state 23
    FUNC            shift and go to state 25
    RETURN          shift and go to state 26
    CONTINUE        shift and go to state 27
    BREAK           shift and go to state 28
    ONBREAK         shift and go to state 29
    NUMBER          shift and go to state 31
    BOOLEAN         shift and go to state 32
    CHAR            shift and go to state 33
    STRING          shift and go to state 34
    LPAREN          shift and go to state 14
    NOT_BIT         shift and go to state 36
    NOT_BOOL        shift and go to state 37
    MINUS           shift and go to state 35
    HASH            shift and go to state 18
    LBRACKET        shift and go to state 17
    LIST            shift and go to state 38

    expression                     shift and go to state 12
    block                          shift and go to state 207
    statement_list                 shift and go to state 79
    statement                      shift and go to state 80
    assign                         shift and go to state 3
    declaration                    shift and go to state 4
    condition                      shift and go to state 5
    iteration                      shift and go to state 6
    func_decl                      shift and go to state 7
    return                         shift and go to state 8
    ctn                            shift and go to state 9
    brk                            shift and go to state 10
    onbrk                          shift and go to state 11
    array                          shift and go to state 19
    list_type_l                    shift and go to state 20
    list                           shift and go to state 21
    IDENTIFIER_EXPR                shift and go to state 30

state 201

    (72) elif -> ELIF expression DO . block
    (58) block -> . statement_list
    (59) statement_list -> . statement_list statement SEMICOLON
    (60) statement_list -> . statement SEMICOLON
    (48) statement -> . assign
    (49) statement -> . declaration
    (50) statement -> . condition
    (51) statement -> . iteration
    (52) statement -> . func_decl
    (53) statement -> . return
    (54) statement -> . ctn
    (55) statement -> . brk
    (56) statement -> . onbrk
    (57) statement -> . expression
    (61) statement -> . PRINT LPAREN expression RPAREN
    (62) assign -> . IDENTIFIER LASSIGN expression
    (63) assign -> . expression RASSIGN IDENTIFIER
    (28) declaration -> . TYPE LBRACKET size RBRACKET HASH IDENTIFIER LASSIGN array
    (29) declaration -> . TYPE LBRACKET size RBRACKET HASH IDENTIFIER
    (30) declaration -> . array RASSIGN IDENTIFIER HASH LBRACKET size RBRACKET TYPE
    (31) declaration -> . IDENTIFIER HASH LBRACKET size RBRACKET TYPE
    (39) declaration -> . list_type_l HASH IDENTIFIER
    (40) declaration -> . list_type_l HASH IDENTIFIER LASSIGN list
    (41) declaration -> . IDENTIFIER HASH list_type_r
    (42) declaration -> . list RASSIGN IDENTIFIER HASH list_type_r
    (64) declaration -> . TYPE HASH IDENTIFIER LASSIGN expression
    (65) declaration -> . expression RASSIGN IDENTIFIER HASH TYPE
    (66) declaration -> . TYPE HASH IDENTIFIER
    (67) declaration -> . IDENTIFIER HASH TYPE
    (68) condition -> . IF expression DO block DONE
    (69) condition -> . IF expression DO block ELSE DO block DONE
    (70) condition -> . IF expression DO block elif_list DONE
    (71) condition -> . IF expression DO block elif_list ELSE DO block DONE
    (75) iteration -> . UNTIL expression DO block DONE
    (76) iteration -> . DO block DONE UNTIL expression
    (77) func_decl -> . FUNC HASH IDENTIFIER LASSIGN WITH LPAREN param_list RPAREN FUNCARROW TYPE DO block DONE
    (85) return -> . RETURN expression
    (86) ctn -> . CONTINUE
    (87) brk -> . BREAK
    (88) onbrk -> . ONBREAK statement
    (2) expression -> . IDENTIFIER_EXPR
    (3) expression -> . NUMBER
    (4) expression -> . BOOLEAN
    (5) expression -> . CHAR
    (6) expression -> . STRING
    (7) expression -> . LPAREN expression RPAREN
    (8) expression -> . expression PLUS expression
    (9) expression -> . expression MINUS expression
    (10) expression -> . expression TIMES expression
    (11) expression -> . expression DIVIDE expression
    (12) expression -> . expression AND_BIT expression
    (13) expression -> . expression OR_BIT expression
    (14) expression -> . expression MOD expression
    (15) expression -> . expression XOR_BIT expression
    (16) expression -> . expression SMALLER expression
    (17) expression -> . expression GREATER expression
    (18) expression -> . expression EQUALS expression
    (19) expression -> . expression SMALLER_EQ expression
    (20) expression -> . expression GREATER_EQ expression
    (21) expression -> . expression NOT_EQ expression
    (22) expression -> . expression AND_BOOL expression
    (23) expression -> . expression OR_BOOL expression
    (24) expression -> . expression XOR_BOOL expression
    (25) expression -> . NOT_BIT expression
    (26) expression -> . NOT_BOOL expression
    (27) expression -> . MINUS expression
    (36) expression -> . IDENTIFIER LBRACKET INDEX RBRACKET
    (44) expression -> . IDENTIFIER DOT GET LPAREN INDEX RPAREN
    (47) expression -> . HASH WITH LPAREN param_list RPAREN FUNCARROW TYPE DO block DONE
    (83) expression -> . IDENTIFIER LPAREN RPAREN
    (84) expression -> . IDENTIFIER LPAREN param_call_list RPAREN
    (35) array -> . LBRACKET arg_list RBRACKET
    (37) list_type_l -> . LIST WITH TYPE
    (43) list -> . LPAREN arg_list RPAREN
    (1) IDENTIFIER_EXPR -> . IDENTIFIER

    PRINT           shift and go to state 13
    IDENTIFIER      shift and go to state 15
    TYPE            shift and go to state 16
    IF              shift and go to state 22
    UNTIL           shift and go to state 24
    DO              shift and go to state 23
    FUNC            shift and go to state 25
    RETURN          shift and go to state 26
    CONTINUE        shift and go to state 27
    BREAK           shift and go to state 28
    ONBREAK         shift and go to state 29
    NUMBER          shift and go to state 31
    BOOLEAN         shift and go to state 32
    CHAR            shift and go to state 33
    STRING          shift and go to state 34
    LPAREN          shift and go to state 14
    NOT_BIT         shift and go to state 36
    NOT_BOOL        shift and go to state 37
    MINUS           shift and go to state 35
    HASH            shift and go to state 18
    LBRACKET        shift and go to state 17
    LIST            shift and go to state 38

    expression                     shift and go to state 12
    block                          shift and go to state 208
    statement_list                 shift and go to state 79
    statement                      shift and go to state 80
    assign                         shift and go to state 3
    declaration                    shift and go to state 4
    condition                      shift and go to state 5
    iteration                      shift and go to state 6
    func_decl                      shift and go to state 7
    return                         shift and go to state 8
    ctn                            shift and go to state 9
    brk                            shift and go to state 10
    onbrk                          shift and go to state 11
    array                          shift and go to state 19
    list_type_l                    shift and go to state 20
    list                           shift and go to state 21
    IDENTIFIER_EXPR                shift and go to state 30

state 202

    (77) func_decl -> FUNC HASH IDENTIFIER LASSIGN WITH LPAREN param_list . RPAREN FUNCARROW TYPE DO block DONE
    (78) param_list -> param_list . COMMA param

    RPAREN          shift and go to state 209
    COMMA           shift and go to state 168


state 203

    (28) declaration -> TYPE LBRACKET size RBRACKET HASH IDENTIFIER LASSIGN array .

    SEMICOLON       reduce using rule 28 (declaration -> TYPE LBRACKET size RBRACKET HASH IDENTIFIER LASSIGN array .)


state 204

    (47) expression -> HASH WITH LPAREN param_list RPAREN FUNCARROW TYPE DO . block DONE
    (58) block -> . statement_list
    (59) statement_list -> . statement_list statement SEMICOLON
    (60) statement_list -> . statement SEMICOLON
    (48) statement -> . assign
    (49) statement -> . declaration
    (50) statement -> . condition
    (51) statement -> . iteration
    (52) statement -> . func_decl
    (53) statement -> . return
    (54) statement -> . ctn
    (55) statement -> . brk
    (56) statement -> . onbrk
    (57) statement -> . expression
    (61) statement -> . PRINT LPAREN expression RPAREN
    (62) assign -> . IDENTIFIER LASSIGN expression
    (63) assign -> . expression RASSIGN IDENTIFIER
    (28) declaration -> . TYPE LBRACKET size RBRACKET HASH IDENTIFIER LASSIGN array
    (29) declaration -> . TYPE LBRACKET size RBRACKET HASH IDENTIFIER
    (30) declaration -> . array RASSIGN IDENTIFIER HASH LBRACKET size RBRACKET TYPE
    (31) declaration -> . IDENTIFIER HASH LBRACKET size RBRACKET TYPE
    (39) declaration -> . list_type_l HASH IDENTIFIER
    (40) declaration -> . list_type_l HASH IDENTIFIER LASSIGN list
    (41) declaration -> . IDENTIFIER HASH list_type_r
    (42) declaration -> . list RASSIGN IDENTIFIER HASH list_type_r
    (64) declaration -> . TYPE HASH IDENTIFIER LASSIGN expression
    (65) declaration -> . expression RASSIGN IDENTIFIER HASH TYPE
    (66) declaration -> . TYPE HASH IDENTIFIER
    (67) declaration -> . IDENTIFIER HASH TYPE
    (68) condition -> . IF expression DO block DONE
    (69) condition -> . IF expression DO block ELSE DO block DONE
    (70) condition -> . IF expression DO block elif_list DONE
    (71) condition -> . IF expression DO block elif_list ELSE DO block DONE
    (75) iteration -> . UNTIL expression DO block DONE
    (76) iteration -> . DO block DONE UNTIL expression
    (77) func_decl -> . FUNC HASH IDENTIFIER LASSIGN WITH LPAREN param_list RPAREN FUNCARROW TYPE DO block DONE
    (85) return -> . RETURN expression
    (86) ctn -> . CONTINUE
    (87) brk -> . BREAK
    (88) onbrk -> . ONBREAK statement
    (2) expression -> . IDENTIFIER_EXPR
    (3) expression -> . NUMBER
    (4) expression -> . BOOLEAN
    (5) expression -> . CHAR
    (6) expression -> . STRING
    (7) expression -> . LPAREN expression RPAREN
    (8) expression -> . expression PLUS expression
    (9) expression -> . expression MINUS expression
    (10) expression -> . expression TIMES expression
    (11) expression -> . expression DIVIDE expression
    (12) expression -> . expression AND_BIT expression
    (13) expression -> . expression OR_BIT expression
    (14) expression -> . expression MOD expression
    (15) expression -> . expression XOR_BIT expression
    (16) expression -> . expression SMALLER expression
    (17) expression -> . expression GREATER expression
    (18) expression -> . expression EQUALS expression
    (19) expression -> . expression SMALLER_EQ expression
    (20) expression -> . expression GREATER_EQ expression
    (21) expression -> . expression NOT_EQ expression
    (22) expression -> . expression AND_BOOL expression
    (23) expression -> . expression OR_BOOL expression
    (24) expression -> . expression XOR_BOOL expression
    (25) expression -> . NOT_BIT expression
    (26) expression -> . NOT_BOOL expression
    (27) expression -> . MINUS expression
    (36) expression -> . IDENTIFIER LBRACKET INDEX RBRACKET
    (44) expression -> . IDENTIFIER DOT GET LPAREN INDEX RPAREN
    (47) expression -> . HASH WITH LPAREN param_list RPAREN FUNCARROW TYPE DO block DONE
    (83) expression -> . IDENTIFIER LPAREN RPAREN
    (84) expression -> . IDENTIFIER LPAREN param_call_list RPAREN
    (35) array -> . LBRACKET arg_list RBRACKET
    (37) list_type_l -> . LIST WITH TYPE
    (43) list -> . LPAREN arg_list RPAREN
    (1) IDENTIFIER_EXPR -> . IDENTIFIER

    PRINT           shift and go to state 13
    IDENTIFIER      shift and go to state 15
    TYPE            shift and go to state 16
    IF              shift and go to state 22
    UNTIL           shift and go to state 24
    DO              shift and go to state 23
    FUNC            shift and go to state 25
    RETURN          shift and go to state 26
    CONTINUE        shift and go to state 27
    BREAK           shift and go to state 28
    ONBREAK         shift and go to state 29
    NUMBER          shift and go to state 31
    BOOLEAN         shift and go to state 32
    CHAR            shift and go to state 33
    STRING          shift and go to state 34
    LPAREN          shift and go to state 14
    NOT_BIT         shift and go to state 36
    NOT_BOOL        shift and go to state 37
    MINUS           shift and go to state 35
    HASH            shift and go to state 18
    LBRACKET        shift and go to state 17
    LIST            shift and go to state 38

    block                          shift and go to state 210
    statement_list                 shift and go to state 79
    statement                      shift and go to state 80
    assign                         shift and go to state 3
    declaration                    shift and go to state 4
    condition                      shift and go to state 5
    iteration                      shift and go to state 6
    func_decl                      shift and go to state 7
    return                         shift and go to state 8
    ctn                            shift and go to state 9
    brk                            shift and go to state 10
    onbrk                          shift and go to state 11
    expression                     shift and go to state 12
    array                          shift and go to state 19
    list_type_l                    shift and go to state 20
    list                           shift and go to state 21
    IDENTIFIER_EXPR                shift and go to state 30

state 205

    (30) declaration -> array RASSIGN IDENTIFIER HASH LBRACKET size RBRACKET TYPE .

    SEMICOLON       reduce using rule 30 (declaration -> array RASSIGN IDENTIFIER HASH LBRACKET size RBRACKET TYPE .)


state 206

    (69) condition -> IF expression DO block ELSE DO block DONE .

    SEMICOLON       reduce using rule 69 (condition -> IF expression DO block ELSE DO block DONE .)


state 207

    (71) condition -> IF expression DO block elif_list ELSE DO block . DONE

    DONE            shift and go to state 211


state 208

    (72) elif -> ELIF expression DO block .

    DONE            reduce using rule 72 (elif -> ELIF expression DO block .)
    ELSE            reduce using rule 72 (elif -> ELIF expression DO block .)
    ELIF            reduce using rule 72 (elif -> ELIF expression DO block .)


state 209

    (77) func_decl -> FUNC HASH IDENTIFIER LASSIGN WITH LPAREN param_list RPAREN . FUNCARROW TYPE DO block DONE

    FUNCARROW       shift and go to state 212


state 210

    (47) expression -> HASH WITH LPAREN param_list RPAREN FUNCARROW TYPE DO block . DONE

    DONE            shift and go to state 213


state 211

    (71) condition -> IF expression DO block elif_list ELSE DO block DONE .

    SEMICOLON       reduce using rule 71 (condition -> IF expression DO block elif_list ELSE DO block DONE .)


state 212

    (77) func_decl -> FUNC HASH IDENTIFIER LASSIGN WITH LPAREN param_list RPAREN FUNCARROW . TYPE DO block DONE

    TYPE            shift and go to state 214


state 213

    (47) expression -> HASH WITH LPAREN param_list RPAREN FUNCARROW TYPE DO block DONE .

    RASSIGN         reduce using rule 47 (expression -> HASH WITH LPAREN param_list RPAREN FUNCARROW TYPE DO block DONE .)
    PLUS            reduce using rule 47 (expression -> HASH WITH LPAREN param_list RPAREN FUNCARROW TYPE DO block DONE .)
    MINUS           reduce using rule 47 (expression -> HASH WITH LPAREN param_list RPAREN FUNCARROW TYPE DO block DONE .)
    TIMES           reduce using rule 47 (expression -> HASH WITH LPAREN param_list RPAREN FUNCARROW TYPE DO block DONE .)
    DIVIDE          reduce using rule 47 (expression -> HASH WITH LPAREN param_list RPAREN FUNCARROW TYPE DO block DONE .)
    AND_BIT         reduce using rule 47 (expression -> HASH WITH LPAREN param_list RPAREN FUNCARROW TYPE DO block DONE .)
    OR_BIT          reduce using rule 47 (expression -> HASH WITH LPAREN param_list RPAREN FUNCARROW TYPE DO block DONE .)
    MOD             reduce using rule 47 (expression -> HASH WITH LPAREN param_list RPAREN FUNCARROW TYPE DO block DONE .)
    XOR_BIT         reduce using rule 47 (expression -> HASH WITH LPAREN param_list RPAREN FUNCARROW TYPE DO block DONE .)
    SMALLER         reduce using rule 47 (expression -> HASH WITH LPAREN param_list RPAREN FUNCARROW TYPE DO block DONE .)
    GREATER         reduce using rule 47 (expression -> HASH WITH LPAREN param_list RPAREN FUNCARROW TYPE DO block DONE .)
    EQUALS          reduce using rule 47 (expression -> HASH WITH LPAREN param_list RPAREN FUNCARROW TYPE DO block DONE .)
    SMALLER_EQ      reduce using rule 47 (expression -> HASH WITH LPAREN param_list RPAREN FUNCARROW TYPE DO block DONE .)
    GREATER_EQ      reduce using rule 47 (expression -> HASH WITH LPAREN param_list RPAREN FUNCARROW TYPE DO block DONE .)
    NOT_EQ          reduce using rule 47 (expression -> HASH WITH LPAREN param_list RPAREN FUNCARROW TYPE DO block DONE .)
    AND_BOOL        reduce using rule 47 (expression -> HASH WITH LPAREN param_list RPAREN FUNCARROW TYPE DO block DONE .)
    OR_BOOL         reduce using rule 47 (expression -> HASH WITH LPAREN param_list RPAREN FUNCARROW TYPE DO block DONE .)
    XOR_BOOL        reduce using rule 47 (expression -> HASH WITH LPAREN param_list RPAREN FUNCARROW TYPE DO block DONE .)
    SEMICOLON       reduce using rule 47 (expression -> HASH WITH LPAREN param_list RPAREN FUNCARROW TYPE DO block DONE .)
    RPAREN          reduce using rule 47 (expression -> HASH WITH LPAREN param_list RPAREN FUNCARROW TYPE DO block DONE .)
    COMMA           reduce using rule 47 (expression -> HASH WITH LPAREN param_list RPAREN FUNCARROW TYPE DO block DONE .)
    RBRACKET        reduce using rule 47 (expression -> HASH WITH LPAREN param_list RPAREN FUNCARROW TYPE DO block DONE .)
    DO              reduce using rule 47 (expression -> HASH WITH LPAREN param_list RPAREN FUNCARROW TYPE DO block DONE .)


state 214

    (77) func_decl -> FUNC HASH IDENTIFIER LASSIGN WITH LPAREN param_list RPAREN FUNCARROW TYPE . DO block DONE

    DO              shift and go to state 215


state 215

    (77) func_decl -> FUNC HASH IDENTIFIER LASSIGN WITH LPAREN param_list RPAREN FUNCARROW TYPE DO . block DONE
    (58) block -> . statement_list
    (59) statement_list -> . statement_list statement SEMICOLON
    (60) statement_list -> . statement SEMICOLON
    (48) statement -> . assign
    (49) statement -> . declaration
    (50) statement -> . condition
    (51) statement -> . iteration
    (52) statement -> . func_decl
    (53) statement -> . return
    (54) statement -> . ctn
    (55) statement -> . brk
    (56) statement -> . onbrk
    (57) statement -> . expression
    (61) statement -> . PRINT LPAREN expression RPAREN
    (62) assign -> . IDENTIFIER LASSIGN expression
    (63) assign -> . expression RASSIGN IDENTIFIER
    (28) declaration -> . TYPE LBRACKET size RBRACKET HASH IDENTIFIER LASSIGN array
    (29) declaration -> . TYPE LBRACKET size RBRACKET HASH IDENTIFIER
    (30) declaration -> . array RASSIGN IDENTIFIER HASH LBRACKET size RBRACKET TYPE
    (31) declaration -> . IDENTIFIER HASH LBRACKET size RBRACKET TYPE
    (39) declaration -> . list_type_l HASH IDENTIFIER
    (40) declaration -> . list_type_l HASH IDENTIFIER LASSIGN list
    (41) declaration -> . IDENTIFIER HASH list_type_r
    (42) declaration -> . list RASSIGN IDENTIFIER HASH list_type_r
    (64) declaration -> . TYPE HASH IDENTIFIER LASSIGN expression
    (65) declaration -> . expression RASSIGN IDENTIFIER HASH TYPE
    (66) declaration -> . TYPE HASH IDENTIFIER
    (67) declaration -> . IDENTIFIER HASH TYPE
    (68) condition -> . IF expression DO block DONE
    (69) condition -> . IF expression DO block ELSE DO block DONE
    (70) condition -> . IF expression DO block elif_list DONE
    (71) condition -> . IF expression DO block elif_list ELSE DO block DONE
    (75) iteration -> . UNTIL expression DO block DONE
    (76) iteration -> . DO block DONE UNTIL expression
    (77) func_decl -> . FUNC HASH IDENTIFIER LASSIGN WITH LPAREN param_list RPAREN FUNCARROW TYPE DO block DONE
    (85) return -> . RETURN expression
    (86) ctn -> . CONTINUE
    (87) brk -> . BREAK
    (88) onbrk -> . ONBREAK statement
    (2) expression -> . IDENTIFIER_EXPR
    (3) expression -> . NUMBER
    (4) expression -> . BOOLEAN
    (5) expression -> . CHAR
    (6) expression -> . STRING
    (7) expression -> . LPAREN expression RPAREN
    (8) expression -> . expression PLUS expression
    (9) expression -> . expression MINUS expression
    (10) expression -> . expression TIMES expression
    (11) expression -> . expression DIVIDE expression
    (12) expression -> . expression AND_BIT expression
    (13) expression -> . expression OR_BIT expression
    (14) expression -> . expression MOD expression
    (15) expression -> . expression XOR_BIT expression
    (16) expression -> . expression SMALLER expression
    (17) expression -> . expression GREATER expression
    (18) expression -> . expression EQUALS expression
    (19) expression -> . expression SMALLER_EQ expression
    (20) expression -> . expression GREATER_EQ expression
    (21) expression -> . expression NOT_EQ expression
    (22) expression -> . expression AND_BOOL expression
    (23) expression -> . expression OR_BOOL expression
    (24) expression -> . expression XOR_BOOL expression
    (25) expression -> . NOT_BIT expression
    (26) expression -> . NOT_BOOL expression
    (27) expression -> . MINUS expression
    (36) expression -> . IDENTIFIER LBRACKET INDEX RBRACKET
    (44) expression -> . IDENTIFIER DOT GET LPAREN INDEX RPAREN
    (47) expression -> . HASH WITH LPAREN param_list RPAREN FUNCARROW TYPE DO block DONE
    (83) expression -> . IDENTIFIER LPAREN RPAREN
    (84) expression -> . IDENTIFIER LPAREN param_call_list RPAREN
    (35) array -> . LBRACKET arg_list RBRACKET
    (37) list_type_l -> . LIST WITH TYPE
    (43) list -> . LPAREN arg_list RPAREN
    (1) IDENTIFIER_EXPR -> . IDENTIFIER

    PRINT           shift and go to state 13
    IDENTIFIER      shift and go to state 15
    TYPE            shift and go to state 16
    IF              shift and go to state 22
    UNTIL           shift and go to state 24
    DO              shift and go to state 23
    FUNC            shift and go to state 25
    RETURN          shift and go to state 26
    CONTINUE        shift and go to state 27
    BREAK           shift and go to state 28
    ONBREAK         shift and go to state 29
    NUMBER          shift and go to state 31
    BOOLEAN         shift and go to state 32
    CHAR            shift and go to state 33
    STRING          shift and go to state 34
    LPAREN          shift and go to state 14
    NOT_BIT         shift and go to state 36
    NOT_BOOL        shift and go to state 37
    MINUS           shift and go to state 35
    HASH            shift and go to state 18
    LBRACKET        shift and go to state 17
    LIST            shift and go to state 38

    block                          shift and go to state 216
    statement_list                 shift and go to state 79
    statement                      shift and go to state 80
    assign                         shift and go to state 3
    declaration                    shift and go to state 4
    condition                      shift and go to state 5
    iteration                      shift and go to state 6
    func_decl                      shift and go to state 7
    return                         shift and go to state 8
    ctn                            shift and go to state 9
    brk                            shift and go to state 10
    onbrk                          shift and go to state 11
    expression                     shift and go to state 12
    array                          shift and go to state 19
    list_type_l                    shift and go to state 20
    list                           shift and go to state 21
    IDENTIFIER_EXPR                shift and go to state 30

state 216

    (77) func_decl -> FUNC HASH IDENTIFIER LASSIGN WITH LPAREN param_list RPAREN FUNCARROW TYPE DO block . DONE

    DONE            shift and go to state 217


state 217

    (77) func_decl -> FUNC HASH IDENTIFIER LASSIGN WITH LPAREN param_list RPAREN FUNCARROW TYPE DO block DONE .

    SEMICOLON       reduce using rule 77 (func_decl -> FUNC HASH IDENTIFIER LASSIGN WITH LPAREN param_list RPAREN FUNCARROW TYPE DO block DONE .)

WARNING: 
WARNING: Conflicts:
WARNING: 
WARNING: shift/reduce conflict for RPAREN in state 61 resolved as shift
